"snp";"chr";"pos"
"1";"BS00093327_51";"chr1A";1354675
"2";"Excalibur_c9509_1180";"chr1A";1354748
"3";"Tdurum_contig44888_837";"chr1A";1355110
"4";"RAC875_rep_c110533_92";"chr1A";1357290
"5";"Kukri_c2408_857";"chr1A";1360891
"6";"BS00033749_51";"chr1A";1816397
"7";"tplb0025b13_1721";"chr1A";4167188
"8";"CAP12_c8501_370";"chr1A";4718945
"9";"BS00056550_51";"chr1A";6999797
"10";"RAC875_c57939_78";"chr1A";12439180
"11";"RAC875_c34888_65";"chr1A";12909949
"12";"BobWhite_c6558_234";"chr1A";12915431
"13";"wsnp_Ex_c4876_8692783";"chr1A";13228692
"14";"BS00074370_51";"chr1A";13552412
"15";"BobWhite_c27474_124";"chr1A";13674933
"16";"Jagger_rep_c10343_173";"chr1A";14484241
"17";"D_contig08749_250";"chr1A";20208049
"18";"CAP7_c4833_55";"chr1A";25868810
"19";"RAC875_c16820_419";"chr1A";27603266
"20";"BobWhite_c4328_1345";"chr1A";28461062
"21";"Excalibur_c7026_2635";"chr1A";28467461
"22";"Tdurum_contig13946_329";"chr1A";33724809
"23";"wsnp_CAP11_c23_61357";"chr1A";65077856
"24";"IAAV4243";"chr1A";71367943
"25";"BS00087437_51";"chr1A";113855345
"26";"BS00062869_51";"chr1A";248549559
"27";"wsnp_Ex_c44049_50205904";"chr1A";336951094
"28";"TA004725-0348";"chr1A";397284657
"29";"IACX3496";"chr1A";470800686
"30";"BS00033469_51";"chr1A";472323049
"31";"Kukri_c3582_87";"chr1A";473918642
"32";"GENE-0112_64";"chr1A";473977326
"33";"RAC875_c2734_135";"chr1A";479860652
"34";"BS00067421_51";"chr1A";479992930
"35";"BS00012283_51";"chr1A";480067827
"36";"BS00023101_51";"chr1A";480068381
"37";"wsnp_JD_c13903_13781269";"chr1A";480068628
"38";"BS00021889_51";"chr1A";480889849
"39";"wsnp_BE495786A_Ta_2_1";"chr1A";480890263
"40";"IACX4378";"chr1A";481526778
"41";"wsnp_Ex_c4539_8148835";"chr1A";481528464
"42";"Excalibur_c30591_637";"chr1A";481964686
"43";"RAC875_c31276_1128";"chr1A";483405666
"44";"wsnp_Ex_c5192_9203100";"chr1A";484060367
"45";"wsnp_Ex_c12336_19686808";"chr1A";484062365
"46";"BS00021714_51";"chr1A";489169148
"47";"Ra_c4159_2716";"chr1A";489617658
"48";"BobWhite_c12568_900";"chr1A";490253962
"49";"Kukri_c25215_124";"chr1A";491269251
"50";"BobWhite_c37384_208";"chr1A";498821176
"51";"BobWhite_c7337_717";"chr1A";511557116
"52";"wsnp_Ex_c1997_3757721";"chr1A";513064456
"53";"wsnp_JD_c6544_7697578";"chr1A";513066693
"54";"Jagger_c5280_407";"chr1A";513066859
"55";"wsnp_Ku_c23012_32893918";"chr1A";514746340
"56";"Excalibur_c49946_169";"chr1A";520448683
"57";"BS00039377_51";"chr1A";521739732
"58";"BobWhite_c27438_81";"chr1A";527160340
"59";"wsnp_Ku_c5210_9289260";"chr1A";527160478
"60";"wsnp_Ku_c5210_9290700";"chr1A";527163793
"61";"wsnp_Ra_c11594_18777085";"chr1A";529465274
"62";"Excalibur_c7370_179";"chr1A";530229961
"63";"IAAV8743";"chr1A";532099147
"64";"BS00110627_51";"chr1A";535721747
"65";"RAC875_c21411_162";"chr1A";539294401
"66";"Jagger_c6890_167";"chr1A";540738981
"67";"RAC875_c12348_720";"chr1A";540937942
"68";"Ra_c29200_300";"chr1A";545236493
"69";"Ra_c8027_1021";"chr1A";549334497
"70";"BobWhite_rep_c49755_131";"chr1A";549894332
"71";"BS00030043_51";"chr1A";549999988
"72";"BS00066212_51";"chr1A";550613782
"73";"Tdurum_contig78830_745";"chr1A";558465541
"74";"wsnp_RFL_Contig3951_4390396";"chr1A";560345683
"75";"Tdurum_contig51167_390";"chr1A";565387073
"76";"Excalibur_c88792_93";"chr1A";576699754
"77";"wsnp_Ex_c3264_6017750";"chr1A";579495807
"78";"wsnp_Ku_c816_1684613";"chr1A";579800618
"79";"Tdurum_contig8224_378";"chr1A";579800877
"80";"Excalibur_c41553_213";"chr1A";580101627
"81";"wsnp_Ex_c41553_48351921";"chr1A";580104194
"82";"Kukri_c2338_533|wsnp_Ex_c7684_13109335";"chr1A";580105699
"83";"Excalibur_c16947_114";"chr1A";580529487
"84";"TA001430-0733";"chr1A";580738176
"85";"IAAV4238";"chr1A";584049510
"86";"BS00035273_51";"chr1A";586167981
"87";"BS00075271_51";"chr1A";586624992
"88";"RFL_Contig3395_1311";"chr1A";588535850
"89";"BS00021780_51";"chr1A";590952711
"90";"BobWhite_c44947_277";"chr1A";593735900
"91";"wsnp_Ex_rep_c67492_66096650";"chr1A";595126027
"92";"BS00050522_51";"chr1B";22335
"93";"Ku_c3169_1250";"chr1B";5151885
"94";"RAC875_c3692_2287";"chr1B";8142192
"95";"CAP11_c852_603";"chr1B";8667979
"96";"RAC875_rep_c70613_78";"chr1B";12778945
"97";"Tdurum_contig44861_1253";"chr1B";24100217
"98";"BS00065737_51";"chr1B";38915610
"99";"Ra_c29142_340";"chr1B";50691940
"100";"Excalibur_c4058_1121";"chr1B";57086380
"101";"Kukri_c65759_98";"chr1B";283865024
"102";"IAAV5269";"chr1B";311474930
"103";"IAAV8661";"chr1B";311756323
"104";"Kukri_c2535_98";"chr1B";323187964
"105";"Kukri_c62848_106";"chr1B";323371934
"106";"BS00062942_51";"chr1B";325756734
"107";"CAP7_c1241_128";"chr1B";334516236
"108";"Kukri_c49091_415";"chr1B";341648517
"109";"BS00022670_51";"chr1B";341955467
"110";"RAC875_c44575_561";"chr1B";343628061
"111";"RAC875_c44575_396";"chr1B";343628226
"112";"IAAV2546|wsnp_Ku_c30982_40765341";"chr1B";343800079
"113";"wsnp_Ku_c66585_65967792";"chr1B";376231351
"114";"Tdurum_contig65023_587";"chr1B";376367714
"115";"JD_c10376_670";"chr1B";380749208
"116";"Kukri_rep_c95031_104";"chr1B";381979642
"117";"Kukri_c8308_245";"chr1B";388396521
"118";"Tdurum_contig84184_124|wsnp_Ex_c15934_24341135";"chr1B";388904013
"119";"Kukri_rep_c70738_896";"chr1B";389675488
"120";"BS00041010_51";"chr1B";389681588
"121";"Tdurum_contig10326_151";"chr1B";396633638
"122";"Kukri_rep_c108436_534";"chr1B";398246044
"123";"BS00062740_51";"chr1B";398251099
"124";"Tdurum_contig42217_127";"chr1B";415831210
"125";"Tdurum_contig43910_687";"chr1B";415841752
"126";"wsnp_BE442716B_Ta_2_2";"chr1B";416367185
"127";"BS00022581_51";"chr1B";420891509
"128";"BobWhite_c11460_291";"chr1B";421760674
"129";"Tdurum_contig57127_56";"chr1B";422242469
"130";"Tdurum_contig8081_2331";"chr1B";422259364
"131";"BS00071083_51";"chr1B";428575338
"132";"BS00076696_51";"chr1B";428575404
"133";"Kukri_c12151_467";"chr1B";428578789
"134";"Tdurum_contig28305_106";"chr1B";434454031
"135";"BS00110480_51";"chr1B";435014214
"136";"IACX5764";"chr1B";437206836
"137";"Tdurum_contig48171_189";"chr1B";445021239
"138";"BS00073132_51";"chr1B";454685170
"139";"wsnp_Ra_c2027_3945713";"chr1B";464716376
"140";"Ra_c3083_982";"chr1B";465069906
"141";"IAAV5704";"chr1B";465205324
"142";"wsnp_Ex_c34966_43196962";"chr1B";465207721
"143";"RAC875_c46646_549";"chr1B";479560518
"144";"Excalibur_s102212_259";"chr1B";482244929
"145";"CAP8_c9553_109";"chr1B";482246415
"146";"Kukri_c667_1073";"chr1B";482247845
"147";"CAP7_c3456_113";"chr1B";483824929
"148";"Excalibur_rep_c105376_485";"chr1B";484685232
"149";"BS00023142_51";"chr1B";484687372
"150";"BS00034925_51|Tdurum_contig28316_442";"chr1B";485203357
"151";"BS00067146_51";"chr1B";488628573
"152";"wsnp_Ku_c19618_29134473";"chr1B";490545756
"153";"RAC875_c87890_234";"chr1B";495275022
"154";"Tdurum_contig59449_249";"chr1B";495276116
"155";"wsnp_Ex_c23992_33235984";"chr1B";540458499
"156";"BS00065126_51";"chr1B";548030097
"157";"Tdurum_contig83770_218";"chr1B";551693240
"158";"Tdurum_contig42749_3287";"chr1B";557183418
"159";"BS00023071_51";"chr1B";609474528
"160";"RAC875_c52957_154";"chr1B";611027568
"161";"Excalibur_c44818_109";"chr1B";611027714
"162";"RFL_Contig2176_1111";"chr1B";611028387
"163";"RFL_Contig2176_932";"chr1B";611028566
"164";"BS00064162_51";"chr1B";611145616
"165";"Tdurum_contig96049_200";"chr1B";613632313
"166";"BS00022775_51";"chr1B";614467582
"167";"BobWhite_c48071_144";"chr1B";624345061
"168";"RAC875_c16136_1597";"chr1B";632415952
"169";"Tdurum_contig49651_546";"chr1B";637979778
"170";"BS00022411_51";"chr1B";639185133
"171";"Ra_c17685_927";"chr1B";641746937
"172";"BobWhite_c36862_84";"chr1B";642008969
"173";"CAP12_c6260_64|Kukri_c63336_621";"chr1B";643756710
"174";"BobWhite_c2844_569|BS00039135_51";"chr1B";646331263
"175";"BS00094237_51";"chr1B";647594072
"176";"CAP11_c6406_104";"chr1B";647594448
"177";"Tdurum_contig10036_1057";"chr1B";650372614
"178";"Tdurum_contig93532_89";"chr1B";650732830
"179";"TA004946-0577";"chr1B";650733704
"180";"wsnp_Ex_c27176_36393952";"chr1B";651094835
"181";"Kukri_c4453_1248";"chr1B";651095088
"182";"Tdurum_contig50988_500";"chr1B";655761835
"183";"BobWhite_c23617_167";"chr1B";655818576
"184";"Jagger_c3757_131";"chr1B";655819171
"185";"RFL_Contig1823_1044";"chr1B";655955235
"186";"BS00068077_51";"chr1B";660645333
"187";"BS00071893_51";"chr1B";667040658
"188";"Tdurum_contig57153_1356";"chr1B";669462262
"189";"CAP12_c1085_283";"chr1B";669989968
"190";"Tdurum_contig10475_87";"chr1B";669990181
"191";"IACX8074";"chr1B";670565745
"192";"IACX2234";"chr1B";671612273
"193";"wsnp_CAP12_c1337_682282";"chr1B";672141700
"194";"BobWhite_c9963_51";"chr1B";672661803
"195";"Kukri_c1565_111";"chr1B";674269701
"196";"Tdurum_contig4904_2923";"chr1B";674537343
"197";"Kukri_c44604_203";"chr1B";682090700
"198";"Ku_c11537_539";"chr1B";694408430
"199";"Kukri_c7822_144";"chr1D";119937
"200";"BobWhite_c47810_111";"chr1D";146722
"201";"D_GDS7LZN02IXNP1_255";"chr1D";176881
"202";"BS00093325_51";"chr1D";201744
"203";"RAC875_c48669_292";"chr1D";201983
"204";"RAC875_c10925_1887";"chr1D";206331
"205";"wsnp_Ex_c278_538285";"chr1D";4107550
"206";"RAC875_c2070_566";"chr1D";4108163
"207";"Kukri_c83523_57";"chr1D";4819665
"208";"wsnp_Ex_c1969_3705930";"chr1D";9178798
"209";"BobWhite_rep_c49356_206";"chr1D";9181696
"210";"IAAV8085";"chr1D";9252704
"211";"wsnp_Ex_c1085_2078686";"chr1D";9490728
"212";"wsnp_Ex_c1358_2600929";"chr1D";9889218
"213";"wsnp_Ex_c1358_2602235";"chr1D";9890524
"214";"wsnp_Ra_c2633_5017265";"chr1D";9894028
"215";"wsnp_Ku_c13622_21660346";"chr1D";11487828
"216";"Ku_c13622_482";"chr1D";11488050
"217";"wsnp_Ex_rep_c67198_65703538";"chr1D";11549768
"218";"Kukri_c17177_1575";"chr1D";11552558
"219";"BobWhite_c33756_74";"chr1D";11670552
"220";"RAC875_c23587_548";"chr1D";13032856
"221";"Ku_c12842_664";"chr1D";13713082
"222";"Ex_c6145_1877";"chr1D";13910970
"223";"RAC875_c7752_549";"chr1D";13912290
"224";"D_F5XZDLF02I14SZ_56";"chr1D";14840658
"225";"D_GBF1XID01CJH0V_94";"chr1D";15541438
"226";"BS00022178_51";"chr1D";17161138
"227";"BS00023049_51";"chr1D";18034111
"228";"Kukri_c19257_78";"chr1D";18034210
"229";"Kukri_c46169_294";"chr1D";19078051
"230";"Excalibur_c48750_124";"chr1D";19528319
"231";"IAAV5327";"chr1D";19530369
"232";"wsnp_Ex_rep_c101500_86856679";"chr1D";32547194
"233";"RAC875_c62_1546|RFL_Contig5594_1283";"chr1D";33651304
"234";"RAC875_c62_1514";"chr1D";33651336
"235";"BS00000721_51";"chr1D";33651744
"236";"wsnp_BE405518D_Ta_2_3";"chr1D";33651984
"237";"RAC875_c62_321";"chr1D";33652851
"238";"IACX11290";"chr1D";34571815
"239";"BS00002178_51";"chr1D";34811486
"240";"BS00012936_51";"chr1D";35723926
"241";"D_GDS7LZN02JVIW1_263";"chr1D";35740701
"242";"CAP11_c3218_126";"chr1D";36043189
"243";"BS00105568_51";"chr1D";36045951
"244";"wsnp_CAP12_c633_339740";"chr1D";37765713
"245";"CAP7_c1609_203";"chr1D";39898481
"246";"BS00065478_51";"chr1D";39912847
"247";"BS00086679_51";"chr1D";40083959
"248";"BS00034563_51";"chr1D";40089836
"249";"BobWhite_c555_1485";"chr1D";40090195
"250";"BS00011451_51";"chr1D";40092595
"251";"BS00074824_51";"chr1D";40195159
"252";"IAAV4760";"chr1D";42691775
"253";"IAAV4794";"chr1D";44855708
"254";"BS00100990_51";"chr1D";45136819
"255";"Kukri_rep_c72587_123";"chr1D";45779727
"256";"Kukri_c53398_200";"chr1D";48947800
"257";"BS00077237_51";"chr1D";49084981
"258";"Kukri_c5113_1082";"chr1D";49113902
"259";"RAC875_rep_c81479_191";"chr1D";49114668
"260";"BS00033405_51";"chr1D";50810410
"261";"Excalibur_c4030_1770";"chr1D";51161845
"262";"RAC875_c35094_476";"chr1D";51565938
"263";"BS00072193_51";"chr1D";52050649
"264";"Kukri_c20844_116";"chr1D";52392217
"265";"BS00074817_51";"chr1D";53588898
"266";"D_contig16934_681";"chr1D";53591999
"267";"IACX6432";"chr1D";57088704
"268";"wsnp_BE445121D_Ta_2_2";"chr1D";57314473
"269";"Excalibur_c5958_1270";"chr1D";58111306
"270";"Excalibur_c5958_1398";"chr1D";58111434
"271";"BS00094471_51";"chr1D";58809326
"272";"BS00024812_51";"chr1D";112441745
"273";"Kukri_c18350_151";"chr1D";172527877
"274";"RAC875_c19509_174";"chr1D";193934385
"275";"wsnp_Ex_rep_c70574_69491038";"chr1D";216049707
"276";"Excalibur_c54055_694";"chr1D";312106829
"277";"RAC875_rep_c105196_532";"chr1D";329638192
"278";"Excalibur_c33661_412";"chr1D";341579717
"279";"wsnp_Ku_c53270_57959459";"chr1D";355119524
"280";"BS00071465_51";"chr1D";358398125
"281";"BS00038418_51";"chr1D";359836800
"282";"IAAV4656";"chr1D";361141537
"283";"D_contig14507_369";"chr1D";369511242
"284";"wsnp_Ex_c26626_35864468";"chr1D";411773833
"285";"BobWhite_c3283_54";"chr1D";411994616
"286";"Kukri_c12758_1488";"chr1D";414251873
"287";"BS00040568_51";"chr1D";439237091
"288";"CAP11_c1701_324";"chr1D";439396010
"289";"BS00022188_51";"chr1D";465703299
"290";"Kukri_c3365_1192";"chr1D";471972623
"291";"Excalibur_c20462_128";"chr1D";477183304
"292";"RAC875_c68124_105";"chr1D";477331667
"293";"D_contig10329_117|Excalibur_c17937_1157";"chr1D";478815749
"294";"RAC875_c51493_471";"chr1D";479894522
"295";"CAP7_c6937_354";"chr1D";480215313
"296";"wsnp_Ku_c23598_33524490";"chr2A";4150148
"297";"Excalibur_c386_894";"chr2A";4275967
"298";"wsnp_Ex_c997_1906900";"chr2A";5528827
"299";"wsnp_Ku_c33374_42877546";"chr2A";5531907
"300";"Kukri_c27040_309";"chr2A";30844971
"301";"BobWhite_c9564_154";"chr2A";60480967
"302";"BobWhite_c1611_1685";"chr2A";62090230
"303";"BS00039209_51";"chr2A";73598217
"304";"Tdurum_contig48302_532";"chr2A";76225305
"305";"Excalibur_c15733_252";"chr2A";76226142
"306";"Excalibur_c3108_5476";"chr2A";76412639
"307";"wsnp_BE497494A_Td_2_1";"chr2A";79772005
"308";"wsnp_Ex_c41913_48628389";"chr2A";86161281
"309";"BS00074780_51";"chr2A";88038316
"310";"Kukri_c29034_492";"chr2A";89375701
"311";"BobWhite_c3644_491";"chr2A";89387690
"312";"Tdurum_contig56511_144";"chr2A";90197856
"313";"Tdurum_contig44062_733";"chr2A";91270892
"314";"Excalibur_c21269_176";"chr2A";95428717
"315";"BobWhite_c5562_219";"chr2A";95437852
"316";"BobWhite_c26259_248";"chr2A";101650624
"317";"Tdurum_contig30569_579";"chr2A";102169489
"318";"Tdurum_contig28682_120";"chr2A";102768046
"319";"Excalibur_c21872_135";"chr2A";102769471
"320";"RAC875_rep_c119471_174|Tdurum_contig62073_376";"chr2A";103379714
"321";"TA002645-0060";"chr2A";131769179
"322";"Excalibur_c18417_241";"chr2A";195049743
"323";"BS00039797_51";"chr2A";210511211
"324";"RAC875_rep_c101788_71";"chr2A";377697739
"325";"IAAV2090";"chr2A";421339395
"326";"tplb0047f03_349";"chr2A";438830037
"327";"Kukri_c57491_156";"chr2A";508666408
"328";"wsnp_Ex_c31900_40635609";"chr2A";510294239
"329";"BobWhite_c2002_100";"chr2A";541486812
"330";"wsnp_BE403597A_Ta_2_1";"chr2A";573136296
"331";"wsnp_BE406351A_Ta_2_3";"chr2A";575052769
"332";"CAP12_c6044_69";"chr2A";575146330
"333";"BobWhite_c28819_733";"chr2A";580673465
"334";"wsnp_CAP11_c838_518859";"chr2A";584175181
"335";"BS00041816_51";"chr2A";617159317
"336";"BS00022241_51";"chr2A";670881819
"337";"BS00081195_51";"chr2A";683403062
"338";"Kukri_c44255_832";"chr2A";708770014
"339";"BS00029332_51";"chr2A";712971442
"340";"BobWhite_c11081_1619";"chr2A";716729497
"341";"RAC875_c83712_84";"chr2A";717763964
"342";"wsnp_Ex_c59095_60108185";"chr2A";723736722
"343";"wsnp_Ex_c59095_60108097";"chr2A";723736810
"344";"wsnp_Ra_c32271_41304469";"chr2A";723738030
"345";"BobWhite_c16923_64";"chr2A";726859048
"346";"BS00057059_51";"chr2A";736842476
"347";"BS00024921_51";"chr2A";740644564
"348";"wsnp_CAP11_c1711_934478";"chr2A";741852418
"349";"RAC875_c19904_308";"chr2A";742458348
"350";"RAC875_c104160_61";"chr2A";742459079
"351";"BS00077768_51";"chr2A";746382095
"352";"Excalibur_c22696_316";"chr2A";747870924
"353";"Excalibur_c99029_69";"chr2A";750152199
"354";"Kukri_c2687_1407";"chr2A";750187115
"355";"Excalibur_c44834_80";"chr2A";766213417
"356";"RAC875_c27530_860";"chr2A";768108224
"357";"wsnp_Ex_c10555_17235832";"chr2A";768113938
"358";"wsnp_Ex_c3695_6740339";"chr2A";768617031
"359";"Kukri_c89717_64";"chr2A";774081045
"360";"BobWhite_rep_c63940_205";"chr2A";781419567
"361";"RAC875_c42539_151";"chr2A";785365717
"362";"BS00070466_51";"chr2A";785417292
"363";"BobWhite_c1105_299";"chr2A";786338839
"364";"RFL_Contig4560_1503";"chr2A";789490031
"365";"Kukri_c40204_617";"chr2B";1142148
"366";"Kukri_c30847_344";"chr2B";1143112
"367";"Excalibur_c39493_251";"chr2B";5488537
"368";"Excalibur_c4705_660";"chr2B";5522156
"369";"Excalibur_c17250_751";"chr2B";5530076
"370";"Ra_c1501_1220";"chr2B";5612130
"371";"Kukri_c3701_1980";"chr2B";9354246
"372";"BobWhite_c12144_216";"chr2B";9829982
"373";"BobWhite_rep_c64787_359";"chr2B";10422988
"374";"BobWhite_c7145_355";"chr2B";10423162
"375";"BS00072058_51";"chr2B";12253959
"376";"BobWhite_c26803_89";"chr2B";13170105
"377";"IAAV8700";"chr2B";16395651
"378";"BS00065556_51";"chr2B";16461614
"379";"Excalibur_c41459_96";"chr2B";17264592
"380";"Excalibur_c4748_360";"chr2B";17271730
"381";"RAC875_c2300_1021";"chr2B";17275697
"382";"wsnp_Ex_rep_c66551_64836462";"chr2B";20125018
"383";"wsnp_CAP11_c3271_1608092";"chr2B";20193729
"384";"Excalibur_rep_c108189_683";"chr2B";20334636
"385";"tplb0058j01_762";"chr2B";20378527
"386";"Kukri_c3067_398";"chr2B";20564047
"387";"BS00011149_51";"chr2B";20865880
"388";"Excalibur_c40567_1893";"chr2B";23500473
"389";"TA001263-0453";"chr2B";23500700
"390";"BS00067046_51";"chr2B";27388075
"391";"wsnp_Ex_rep_c70756_69644826";"chr2B";39254175
"392";"BS00077914_51";"chr2B";39825194
"393";"Kukri_c25245_998";"chr2B";40520522
"394";"BS00071995_51";"chr2B";40522277
"395";"RAC875_rep_c105164_545";"chr2B";40523265
"396";"Kukri_c29807_476";"chr2B";40525793
"397";"wsnp_JD_c5064_6183978";"chr2B";40530774
"398";"BobWhite_rep_c63363_160";"chr2B";41124578
"399";"BobWhite_c5072_107";"chr2B";41735829
"400";"JD_c49544_37";"chr2B";41908983
"401";"wsnp_CAP11_rep_c8489_3665230";"chr2B";41909106
"402";"RAC875_rep_c79427_59";"chr2B";42008046
"403";"Ex_c67274_1225";"chr2B";43375346
"404";"wsnp_Ex_c19260_28187434";"chr2B";47995758
"405";"Kukri_c26288_419";"chr2B";55482559
"406";"wsnp_Ex_c4349_7841003";"chr2B";56101655
"407";"RAC875_c34516_70";"chr2B";64110277
"408";"Excalibur_c6502_397";"chr2B";64188823
"409";"BobWhite_c10578_272";"chr2B";65267267
"410";"RAC875_c24914_462";"chr2B";71254294
"411";"BobWhite_c44986_217";"chr2B";71554374
"412";"wsnp_Ku_c34759_44069854";"chr2B";74336879
"413";"CAP12_rep_c5926_115";"chr2B";74424768
"414";"Kukri_c43403_346";"chr2B";75544735
"415";"Jagger_c8098_88";"chr2B";75644344
"416";"Kukri_c17483_568";"chr2B";75650270
"417";"Excalibur_rep_c101660_546";"chr2B";75900831
"418";"Tdurum_contig29620_207";"chr2B";75901178
"419";"Kukri_c12616_353";"chr2B";75902716
"420";"Excalibur_c7136_823";"chr2B";76309122
"421";"Kukri_rep_c69288_529";"chr2B";86137201
"422";"Kukri_c44_1704";"chr2B";88113280
"423";"GENE-1741_103";"chr2B";89813541
"424";"BS00030497_51";"chr2B";90291782
"425";"Tdurum_contig47202_1699";"chr2B";90589409
"426";"JD_c11869_1297";"chr2B";90589480
"427";"BS00022966_51";"chr2B";91759484
"428";"Tdurum_contig45350_605";"chr2B";92995167
"429";"BS00023221_51";"chr2B";93003967
"430";"Kukri_c36879_83";"chr2B";94574870
"431";"BobWhite_c30112_275";"chr2B";96247720
"432";"CAP7_c1018_75";"chr2B";96247811
"433";"RAC875_c26415_350";"chr2B";97148945
"434";"RAC875_c76533_442";"chr2B";97203902
"435";"Tdurum_contig36804_98";"chr2B";100395373
"436";"Kukri_c5904_80";"chr2B";101304536
"437";"RAC875_c3302_1411";"chr2B";101861071
"438";"Excalibur_c25430_183";"chr2B";103035608
"439";"Tdurum_contig81323_291";"chr2B";103720137
"440";"Kukri_c49522_254";"chr2B";103727547
"441";"RFL_Contig2231_1297";"chr2B";104067472
"442";"BS00103461_51";"chr2B";104068633
"443";"Excalibur_c27716_544";"chr2B";104307842
"444";"Tdurum_contig7800_228";"chr2B";104848870
"445";"BS00071690_51";"chr2B";104849132
"446";"Kukri_c4790_154";"chr2B";105438546
"447";"RAC875_c35438_474";"chr2B";106532905
"448";"Excalibur_c2496_1141";"chr2B";107864011
"449";"wsnp_JG_c609_370792";"chr2B";108526605
"450";"GENE-1365_16";"chr2B";114257203
"451";"wsnp_Ra_c11493_18637928";"chr2B";114836612
"452";"BobWhite_c38833_197";"chr2B";116746451
"453";"Ku_c4042_576";"chr2B";117211953
"454";"TA001821-0411";"chr2B";117569460
"455";"wsnp_Ex_c269_517710";"chr2B";117634038
"456";"wsnp_Ex_c269_518324";"chr2B";117634838
"457";"Tdurum_contig77602_931";"chr2B";119853739
"458";"GENE-1430_599";"chr2B";120623845
"459";"BS00070001_51";"chr2B";121257360
"460";"IAAV980";"chr2B";121941872
"461";"BS00022969_51";"chr2B";122306623
"462";"BS00083078_51";"chr2B";130369869
"463";"BS00063577_51";"chr2B";131791843
"464";"RAC875_c79857_301";"chr2B";134309712
"465";"Ra_c106376_879";"chr2B";134399177
"466";"BobWhite_c45336_321";"chr2B";135559232
"467";"wsnp_BE499478B_Ta_2_1";"chr2B";139021946
"468";"wsnp_Ex_rep_c67257_65786614";"chr2B";139023769
"469";"BobWhite_c22301_230";"chr2B";139680274
"470";"RFL_Contig1385_1575";"chr2B";140478883
"471";"GENE-4359_102";"chr2B";143360251
"472";"GENE-1196_146";"chr2B";145564854
"473";"wsnp_CAP12_rep_c4678_2134259";"chr2B";145770594
"474";"Kukri_c9387_112";"chr2B";145839476
"475";"Ra_c2110_1660";"chr2B";145846258
"476";"BS00022940_51";"chr2B";146345398
"477";"RFL_Contig1139_817";"chr2B";147365292
"478";"RFL_Contig1139_602";"chr2B";147365507
"479";"Ku_c103035_323";"chr2B";148428948
"480";"Tdurum_contig10994_617";"chr2B";149111982
"481";"D_GA8KES402HPK9H_258";"chr2B";150319045
"482";"tplb0031k24_254";"chr2B";150803012
"483";"BS00087793_51";"chr2B";150806434
"484";"IAAV4434";"chr2B";152310781
"485";"Kukri_c6973_344";"chr2B";152586653
"486";"RAC875_c1226_652";"chr2B";156005735
"487";"Excalibur_c45094_602";"chr2B";156953869
"488";"BS00073426_51";"chr2B";158161365
"489";"RAC875_c32503_134";"chr2B";165555012
"490";"RAC875_c32503_241";"chr2B";165555119
"491";"BS00031814_51|IAAV4497";"chr2B";165951394
"492";"Kukri_c42244_809";"chr2B";173299340
"493";"IAAV5331";"chr2B";179447301
"494";"BS00091007_51";"chr2B";181704087
"495";"wsnp_BE445278B_Ta_2_3";"chr2B";204725257
"496";"wsnp_Ex_c4218_7618252";"chr2B";376283799
"497";"Kukri_c91621_319";"chr2B";381759921
"498";"RAC875_c19043_841";"chr2B";383351493
"499";"BobWhite_c10453_396";"chr2B";383352782
"500";"wsnp_Ku_c691_1430065";"chr2B";383689469
"501";"wsnp_Ex_c2497_4666526";"chr2B";383689722
"502";"wsnp_Ex_c2905_5358140";"chr2B";384571875
"503";"BobWhite_c13455_112";"chr2B";386103109
"504";"wsnp_Ex_c22693_31898036";"chr2B";388001195
"505";"wsnp_Ex_c1541_2943791";"chr2B";388494507
"506";"wsnp_Ku_c22272_32093892";"chr2B";388546256
"507";"wsnp_Ku_c33652_43115283";"chr2B";390116195
"508";"wsnp_Ex_c14735_22823373";"chr2B";392576076
"509";"wsnp_Ku_c13756_21844262";"chr2B";392576672
"510";"Kukri_c5609_565";"chr2B";397116183
"511";"RAC875_c20366_376";"chr2B";398588258
"512";"wsnp_Ex_c482_957514";"chr2B";404997987
"513";"Kukri_c34231_167";"chr2B";405478335
"514";"RFL_Contig3353_125";"chr2B";410485927
"515";"Excalibur_c60716_53";"chr2B";415561118
"516";"Kukri_c57399_314";"chr2B";422191032
"517";"Excalibur_rep_c111672_114|wsnp_Ex_rep_c103248_88252209";"chr2B";423208491
"518";"wsnp_Ex_rep_c103248_88252281";"chr2B";423208563
"519";"wsnp_Ex_c20529_29609310";"chr2B";423209932
"520";"wsnp_Ex_rep_c69928_68889412";"chr2B";423394311
"521";"Excalibur_rep_c106537_63|wsnp_JD_c21530_18862386";"chr2B";423864478
"522";"wsnp_Ex_c52405_56014689";"chr2B";423865562
"523";"wsnp_Ex_c19819_28827344";"chr2B";429087875
"524";"wsnp_Ku_rep_c83117_78896856";"chr2B";429089569
"525";"Kukri_rep_c107732_99";"chr2B";429405787
"526";"Excalibur_c33079_199";"chr2B";430124549
"527";"wsnp_Ex_c51661_55531646";"chr2B";431942675
"528";"BobWhite_c1654_440";"chr2B";434396917
"529";"IAAV8980";"chr2B";435023442
"530";"Kukri_rep_c70962_1545";"chr2B";436619955
"531";"Excalibur_rep_c107546_206|wsnp_Ex_c45595_51343969";"chr2B";436685441
"532";"Ku_c14053_772";"chr2B";436686599
"533";"wsnp_Ex_c18750_27627600";"chr2B";436687010
"534";"RAC875_c60230_122";"chr2B";440484529
"535";"tplb0034a02_1566";"chr2B";440751028
"536";"wsnp_Ex_rep_c66524_64799410";"chr2B";441508567
"537";"wsnp_Ex_rep_c108679_91802578";"chr2B";441515403
"538";"Excalibur_c11125_1525";"chr2B";441986391
"539";"Kukri_c47082_109";"chr2B";442200428
"540";"IAAV3255";"chr2B";442208134
"541";"wsnp_Ex_c28243_37383894";"chr2B";442410942
"542";"tplb0038i24_1548";"chr2B";442414343
"543";"CAP12_c6259_207";"chr2B";442416751
"544";"Kukri_rep_c91092_72";"chr2B";442418021
"545";"wsnp_CAP11_c1956_1045077";"chr2B";444843952
"546";"BobWhite_rep_c50998_607";"chr2B";445754012
"547";"wsnp_Ex_c29434_38471452";"chr2B";446031062
"548";"wsnp_Ex_rep_c104478_89183627";"chr2B";446614453
"549";"CAP8_c3701_331";"chr2B";446884124
"550";"RAC875_c3039_101";"chr2B";448972010
"551";"Kukri_c20819_497|wsnp_Ex_c25438_34703568";"chr2B";448974935
"552";"BS00066545_51";"chr2B";451671316
"553";"wsnp_CAP8_c775_527730";"chr2B";451899721
"554";"wsnp_CAP8_c775_527759";"chr2B";451899750
"555";"wsnp_CAP11_c5255_2442548";"chr2B";451899991
"556";"wsnp_JD_c352_546108";"chr2B";452059695
"557";"Kukri_c8595_834";"chr2B";452541234
"558";"Kukri_c8595_953|wsnp_Ex_c12634_20096724";"chr2B";452541446
"559";"BobWhite_c7326_70";"chr2B";454778400
"560";"BobWhite_c31986_324";"chr2B";456394185
"561";"wsnp_JD_c9810_10594505";"chr2B";456987855
"562";"BobWhite_c27816_523";"chr2B";458224557
"563";"Excalibur_c22285_762";"chr2B";492493648
"564";"Ku_c6050_678";"chr2B";527641078
"565";"Tdurum_contig64416_441";"chr2B";528569946
"566";"wsnp_Ex_c29445_38480890";"chr2B";530602951
"567";"Kukri_c25281_99";"chr2B";539255935
"568";"wsnp_Ku_c4004_7311479";"chr2B";541691751
"569";"Excalibur_c84741_99";"chr2B";544851508
"570";"Ex_c55735_1012";"chr2B";602264831
"571";"Kukri_rep_c112675_676|wsnp_Ex_c55735_58127324";"chr2B";602265433
"572";"wsnp_Ex_rep_c67561_66188180";"chr2B";645740965
"573";"Tdurum_contig12459_491";"chr2B";649815840
"574";"BS00057475_51";"chr2B";650488808
"575";"Tdurum_contig22828_244";"chr2B";651771674
"576";"BS00079013_51";"chr2B";658079744
"577";"wsnp_Ex_c9628_15927045";"chr2B";658140718
"578";"RAC875_c3947_441";"chr2B";658444286
"579";"BobWhite_c12134_1140";"chr2B";658449223
"580";"BobWhite_c5543_492";"chr2B";662694186
"581";"BobWhite_c22106_204";"chr2B";662948543
"582";"wsnp_Ex_c58274_59638635";"chr2B";663428891
"583";"Tdurum_contig76090_916";"chr2B";664249819
"584";"wsnp_Ex_c18503_27349536";"chr2B";665036395
"585";"Tdurum_contig5691_596";"chr2B";666308911
"586";"Tdurum_contig5691_526";"chr2B";666308981
"587";"BS00094373_51";"chr2B";668476964
"588";"tplb0049b10_696";"chr2B";669500070
"589";"Tdurum_contig62800_207";"chr2B";670067447
"590";"Tdurum_contig18858_324";"chr2B";673052911
"591";"JD_c8871_331";"chr2B";685899987
"592";"wsnp_Ra_c10658_17500498";"chr2B";685900594
"593";"IAAV2633";"chr2B";691726284
"594";"wsnp_Ex_c5123_9088111";"chr2B";692712833
"595";"wsnp_Ku_c9901_16493072";"chr2B";692715018
"596";"BS00046165_51";"chr2B";693549242
"597";"Excalibur_c36280_764";"chr2B";693550500
"598";"BobWhite_c38001_528";"chr2B";708723812
"599";"BS00025649_51";"chr2B";711741987
"600";"Excalibur_c2484_2113";"chr2B";712442143
"601";"Tdurum_contig56876_365";"chr2B";721733507
"602";"BS00081109_51";"chr2B";728733841
"603";"Kukri_c64884_106";"chr2B";729793265
"604";"Kukri_c38497_174";"chr2B";731053947
"605";"RAC875_c54085_51";"chr2B";732976868
"606";"BS00035380_51";"chr2B";734577169
"607";"Excalibur_rep_c111396_152";"chr2B";734577832
"608";"BS00012382_51";"chr2B";734578554
"609";"BobWhite_c15453_1010";"chr2B";735073178
"610";"BS00030364_51";"chr2B";744255572
"611";"CAP11_c2941_210";"chr2B";745906250
"612";"RFL_Contig3713_280";"chr2B";760066263
"613";"BobWhite_c33464_133";"chr2B";760220092
"614";"RFL_Contig2751_1562";"chr2B";768826241
"615";"Tdurum_contig14482_423";"chr2B";771094080
"616";"BS00072349_51";"chr2B";771280632
"617";"BobWhite_c24069_257";"chr2B";773226077
"618";"Excalibur_c910_946";"chr2B";773622725
"619";"Ra_c12604_447";"chr2B";774176278
"620";"RAC875_c21269_1225";"chr2B";774200442
"621";"BobWhite_c12911_649";"chr2B";775075291
"622";"BobWhite_c39769_102";"chr2B";775267851
"623";"BS00039187_51";"chr2B";775944587
"624";"RAC875_c7735_338";"chr2B";776412867
"625";"Kukri_c94792_127";"chr2B";780018349
"626";"RAC875_c12741_101";"chr2B";780403527
"627";"RAC875_c35873_1894";"chr2B";791032693
"628";"BS00012463_51";"chr2B";791033894
"629";"RFL_Contig2324_729";"chr2B";791203465
"630";"BS00065264_51";"chr2B";796608972
"631";"BS00071755_51";"chr2D";16051460
"632";"RAC875_c52926_871";"chr2D";16510981
"633";"BS00047901_51";"chr2D";16868665
"634";"wsnp_JD_c69_109951";"chr2D";17292338
"635";"RAC875_c16897_367";"chr2D";18953272
"636";"Kukri_rep_c113120_104";"chr2D";22008879
"637";"Ex_c14755_1390";"chr2D";22009818
"638";"BS00022276_51";"chr2D";31231724
"639";"D_contig05584_210";"chr2D";33724378
"640";"CAP12_c812_220";"chr2D";34725223
"641";"RAC875_c7319_195";"chr2D";36096235
"642";"wsnp_CAP12_c1503_764765";"chr2D";37575041
"643";"Excalibur_c39215_100";"chr2D";56989437
"644";"D_GBUVHFX02GV41H_67";"chr2D";58984014
"645";"Excalibur_c59090_145";"chr2D";61033250
"646";"Kukri_c20972_618";"chr2D";61724514
"647";"Excalibur_c15048_488";"chr2D";63306587
"648";"wsnp_Ku_c3107_5818628";"chr2D";63474471
"649";"wsnp_Ex_c1944_3663988";"chr2D";63475865
"650";"wsnp_Ex_c1944_3664205";"chr2D";63476082
"651";"Excalibur_c1944_1017";"chr2D";63476218
"652";"RAC875_c65419_229";"chr2D";63476391
"653";"Kukri_c16477_181";"chr2D";64355476
"654";"Kukri_c16477_157";"chr2D";64355500
"655";"BobWhite_c16655_421";"chr2D";65241964
"656";"wsnp_Ex_c6400_11123059";"chr2D";65601481
"657";"BS00073229_51";"chr2D";67632176
"658";"Excalibur_c2496_1752";"chr2D";74452313
"659";"RAC875_rep_c72220_143";"chr2D";81281046
"660";"D_contig77859_59";"chr2D";81410710
"661";"Kukri_c26576_329";"chr2D";82724851
"662";"Kukri_c43943_587";"chr2D";95579933
"663";"Excalibur_c62824_402";"chr2D";100497677
"664";"Excalibur_c65531_147";"chr2D";240687708
"665";"Excalibur_c31302_230";"chr2D";272501525
"666";"wsnp_Ex_c25311_34578436";"chr2D";323580280
"667";"BS00027456_51";"chr2D";355048394
"668";"BS00000905_51";"chr2D";372826720
"669";"wsnp_Ku_c8712_14751858";"chr2D";476510310
"670";"wsnp_Ex_c8303_14001708";"chr2D";484597631
"671";"wsnp_Ex_rep_c66522_64795143";"chr2D";555317716
"672";"RAC875_rep_c85788_126";"chr2D";575297699
"673";"RAC875_c76186_510";"chr2D";580358189
"674";"RFL_Contig3172_1512";"chr2D";580435936
"675";"Excalibur_c62255_986";"chr2D";582833850
"676";"Excalibur_c21486_352";"chr2D";583255270
"677";"wsnp_RFL_Contig2659_2346243";"chr2D";598730639
"678";"BobWhite_c6365_965";"chr2D";605118755
"679";"RFL_Contig5204_503";"chr2D";610136629
"680";"Kukri_c31121_1460";"chr2D";610846860
"681";"Excalibur_c44325_339";"chr2D";611561802
"682";"RAC875_c79540_228";"chr2D";611843724
"683";"Kukri_c25786_210";"chr2D";611844255
"684";"RAC875_rep_c120698_93";"chr2D";612118868
"685";"Excalibur_c18353_55";"chr2D";612119051
"686";"RAC875_c14766_952";"chr2D";612135679
"687";"Excalibur_c8720_321";"chr2D";613642981
"688";"wsnp_BE426620D_Ta_2_2";"chr2D";613653184
"689";"Kukri_c89993_379";"chr2D";615559803
"690";"RFL_Contig2460_547";"chr2D";616005424
"691";"Excalibur_c1451_351";"chr2D";616006909
"692";"BS00084880_51";"chr2D";617544748
"693";"D_GDS7LZN02G73QS_245";"chr2D";618274152
"694";"Kukri_c40146_77";"chr2D";618519846
"695";"BS00087054_51";"chr2D";619269851
"696";"wsnp_Ex_c21593_30744815";"chr2D";620658752
"697";"BS00100106_51";"chr2D";620838585
"698";"RAC875_c56980_68";"chr2D";621354531
"699";"Excalibur_c31806_491";"chr2D";639613237
"700";"Kukri_c16094_406";"chr2D";641092837
"701";"RFL_Contig2862_1287";"chr2D";641094295
"702";"Excalibur_c77068_190";"chr2D";645018722
"703";"RFL_Contig1732_264";"chr2D";646607449
"704";"RAC875_c67940_296";"chr2D";647207324
"705";"Kukri_c498_2381";"chr2D";654403596
"706";"BobWhite_c5756_516";"chr2D";654991065
"707";"BS00086534_51";"chr2D";655648075
"708";"Kukri_c1526_616";"chr2D";655808124
"709";"Excalibur_c10461_394";"chr2D";655998129
"710";"Excalibur_rep_c67599_2154";"chr2D";656452099
"711";"tplb0062k24_584";"chr3A";1339838
"712";"IAAV4876";"chr3A";3681326
"713";"Excalibur_c11079_101";"chr3A";3687599
"714";"tplb0050o09_968";"chr3A";3757850
"715";"Excalibur_c19658_127";"chr3A";3893832
"716";"Excalibur_c11301_305";"chr3A";3896569
"717";"Kukri_rep_c89183_282";"chr3A";4861746
"718";"RAC875_c7060_67";"chr3A";4862416
"719";"wsnp_Ex_c10014_16476905";"chr3A";5992953
"720";"Excalibur_c11824_103";"chr3A";6326188
"721";"wsnp_Ex_rep_c67635_66292689";"chr3A";6326519
"722";"Excalibur_c12875_864";"chr3A";6330439
"723";"BS00066230_51";"chr3A";6868533
"724";"Kukri_c2123_1254";"chr3A";7265060
"725";"BS00088103_51";"chr3A";8932995
"726";"Tdurum_contig52302_649";"chr3A";17926801
"727";"Tdurum_contig52302_92";"chr3A";17927358
"728";"Kukri_c10511_94";"chr3A";50917289
"729";"Kukri_c62467_362";"chr3A";50918022
"730";"Kukri_rep_c73936_154";"chr3A";51162762
"731";"BobWhite_c9704_273";"chr3A";52213865
"732";"wsnp_Ex_c21950_31124594";"chr3A";52370420
"733";"JG_c3077_214";"chr3A";52420539
"734";"BS00021694_51";"chr3A";53683759
"735";"BS00094366_51";"chr3A";53684310
"736";"IAAV2646";"chr3A";53960110
"737";"wsnp_Ra_c16846_25598885";"chr3A";144269218
"738";"wsnp_Ex_c10272_16842803";"chr3A";181349358
"739";"BobWhite_c47722_613";"chr3A";311854750
"740";"BS00037400_51";"chr3A";439998429
"741";"BS00089400_51";"chr3A";442662335
"742";"wsnp_CAP11_c2438_1258747";"chr3A";480573113
"743";"BS00095423_51";"chr3A";490762484
"744";"wsnp_Ex_c28310_37444843";"chr3A";496454492
"745";"Tdurum_contig57693_581";"chr3A";519596973
"746";"RAC875_rep_c75768_245";"chr3A";525727952
"747";"Tdurum_contig42827_1693";"chr3A";611873680
"748";"GENE-1634_405";"chr3A";636113871
"749";"Excalibur_c18747_1292";"chr3A";642665101
"750";"IAAV969";"chr3A";642679130
"751";"CAP7_rep_c12940_130";"chr3A";643394742
"752";"wsnp_Ex_c27317_36522052";"chr3A";682178196
"753";"IAAV1410";"chr3A";682180709
"754";"wsnp_Ra_c132_291198";"chr3A";682430651
"755";"Tdurum_contig59585_656|wsnp_JD_c29019_23208078";"chr3A";682432792
"756";"BobWhite_c5337_225";"chr3A";683847798
"757";"BS00097265_51";"chr3A";698464202
"758";"BS00074926_51";"chr3A";742634155
"759";"Tdurum_contig67686_633";"chr3A";744519119
"760";"wsnp_Ex_c28679_37784735";"chr3A";747603616
"761";"RAC875_s113853_61";"chr3B";1936570
"762";"Excalibur_c57482_242";"chr3B";3821410
"763";"BobWhite_c5611_281";"chr3B";3822948
"764";"Tdurum_contig50954_475";"chr3B";3941853
"765";"Kukri_c12817_59";"chr3B";4190096
"766";"Ex_c4578_544";"chr3B";4655338
"767";"RAC875_rep_c118986_60";"chr3B";6517115
"768";"wsnp_Ex_c16919_25506076";"chr3B";7651071
"769";"Excalibur_c8314_405";"chr3B";10877181
"770";"Tdurum_contig14251_320";"chr3B";11235481
"771";"RFL_Contig5709_3005";"chr3B";13020455
"772";"CAP7_c1576_371";"chr3B";13839037
"773";"tplb0041e10_1230";"chr3B";19580794
"774";"Tdurum_contig22897_107";"chr3B";28249938
"775";"wsnp_Ex_c4063_7344641";"chr3B";72169384
"776";"Ku_c56846_964";"chr3B";72680858
"777";"wsnp_Ku_c13069_20938717";"chr3B";74068047
"778";"Kukri_c48750_1372";"chr3B";74069930
"779";"wsnp_Ex_c11246_18191331";"chr3B";75787307
"780";"BS00065429_51";"chr3B";78993759
"781";"RAC875_c86306_256";"chr3B";79633533
"782";"Kukri_c48410_604";"chr3B";141816811
"783";"wsnp_JD_c9902_10674626";"chr3B";153808061
"784";"BS00045195_51";"chr3B";168855051
"785";"RAC875_c21086_130";"chr3B";244829588
"786";"GENE-4829_238";"chr3B";245563450
"787";"Tdurum_contig3182_132";"chr3B";246737866
"788";"Kukri_c14113_98";"chr3B";247056235
"789";"RAC875_s119223_94";"chr3B";250994037
"790";"BS00049570_51";"chr3B";253746004
"791";"RAC875_c8755_314";"chr3B";254185065
"792";"BS00091577_51";"chr3B";254185364
"793";"RAC875_rep_c86918_170";"chr3B";263288655
"794";"BobWhite_rep_c53979_427";"chr3B";270430990
"795";"IAAV8536";"chr3B";442698226
"796";"wsnp_Ex_c1116_2138756";"chr3B";480585332
"797";"BS00082644_51";"chr3B";481745930
"798";"TA005793-0515";"chr3B";490162710
"799";"BS00045330_51";"chr3B";494048201
"800";"BobWhite_c35249_110";"chr3B";507821802
"801";"TA002241-1114";"chr3B";508130723
"802";"BS00037898_51";"chr3B";508496640
"803";"wsnp_Ex_c7172_12318529";"chr3B";508836747
"804";"wsnp_Ex_c5457_9632050";"chr3B";513051696
"805";"BS00036352_51";"chr3B";513053489
"806";"wsnp_Ex_c2920_5385184";"chr3B";520221779
"807";"RAC875_c32792_231";"chr3B";521006321
"808";"BobWhite_c24718_225";"chr3B";525432136
"809";"Ex_c5074_1539";"chr3B";570228048
"810";"Excalibur_c5921_1315";"chr3B";576003677
"811";"Kukri_rep_c107421_115";"chr3B";594656729
"812";"BS00005265_51";"chr3B";594935164
"813";"Jagger_c5649_59";"chr3B";595356881
"814";"Tdurum_contig4913_705";"chr3B";598452145
"815";"BobWhite_c32864_250";"chr3B";617462379
"816";"wsnp_Ra_c69_149518";"chr3B";753609407
"817";"Excalibur_c33274_498";"chr3B";755676302
"818";"Tdurum_contig11443_1022";"chr3B";755676651
"819";"Tdurum_contig55751_315";"chr3B";758822591
"820";"BS00030651_51";"chr3B";781879073
"821";"RFL_Contig4186_914";"chr3B";787799347
"822";"Tdurum_contig28053_218";"chr3B";811836284
"823";"BS00071041_51";"chr3B";812182698
"824";"GENE-2712_367";"chr3B";812302124
"825";"RAC875_c37741_476";"chr3B";836174029
"826";"RAC875_c37741_218";"chr3B";836174889
"827";"wsnp_JD_c18509_16968425";"chr3B";841311388
"828";"Tdurum_contig59566_4435";"chr3B";841312024
"829";"IAAV8659";"chr3B";842939157
"830";"Kukri_c48601_98";"chr3B";844119703
"831";"Tdurum_contig14350_431";"chr3D";77091
"832";"BobWhite_c18256_809";"chr3D";743093
"833";"Kukri_rep_c94244_339";"chr3D";803716
"834";"BS00098760_51";"chr3D";1051628
"835";"BS00080157_51";"chr3D";1476240
"836";"RAC875_c22383_248";"chr3D";1481100
"837";"IAAV1578";"chr3D";2714182
"838";"tplb0053a24_1247";"chr3D";3588508
"839";"Excalibur_c9485_351";"chr3D";3695097
"840";"Excalibur_c20559_98";"chr3D";3695344
"841";"Excalibur_c12875_1643";"chr3D";5008394
"842";"wsnp_JD_c396_603720";"chr3D";5433044
"843";"D_contig79290_372";"chr3D";31799415
"844";"Kukri_c5252_107";"chr3D";34080877
"845";"wsnp_Ex_c18250_27065775";"chr3D";126064001
"846";"wsnp_Ex_rep_c78526_74641162";"chr3D";162446861
"847";"Kukri_c43208_335";"chr3D";178478493
"848";"wsnp_Ex_c54003_57045475";"chr3D";267619256
"849";"Ra_c4231_465";"chr3D";344728534
"850";"IAAV1270";"chr3D";378358338
"851";"BobWhite_c27541_67";"chr3D";378927754
"852";"tplb0029j24_2118";"chr3D";418236443
"853";"RAC875_c494_436";"chr3D";424883434
"854";"RFL_Contig383_1347";"chr3D";508864621
"855";"Kukri_c8913_385";"chr3D";516319262
"856";"BS00054496_51";"chr3D";539622336
"857";"RAC875_c101793_136";"chr3D";551216475
"858";"D_GDRF1KQ02GV96X_70";"chr3D";556604263
"859";"CAP12_c2615_128";"chr3D";582172173
"860";"RAC875_c5606_501";"chr3D";604572945
"861";"CAP7_c4219_186";"chr3D";606219075
"862";"CAP7_c4219_359";"chr3D";606219247
"863";"Kukri_c92813_223";"chr3D";606569015
"864";"tplb0060a09_1160";"chr3D";608879318
"865";"Jagger_c3292_145";"chr3D";611260936
"866";"wsnp_Ex_c12369_19730765";"chr3D";613343797
"867";"RAC875_c5222_411";"chr3D";613758364
"868";"BS00073760_51";"chr3D";613957933
"869";"BobWhite_rep_c52911_146";"chr3D";614179926
"870";"IAAV686";"chr3D";614247171
"871";"IAAV7013";"chr3D";614386580
"872";"BS00024422_51";"chr3D";615044922
"873";"wsnp_Ex_c7451_12757458";"chr3D";615289194
"874";"Excalibur_c51976_119";"chr3D";615289784
"875";"TA006354-0937";"chr3D";615292492
"876";"RAC875_c6578_645";"chr3D";615711956
"877";"Excalibur_c42667_427";"chr3D";615962873
"878";"BobWhite_c5246_196";"chr3D";615963084
"879";"Excalibur_c6906_804";"chr3D";616940285
"880";"wsnp_Ku_c7264_12545135";"chr3D";616954599
"881";"CAP12_c2073_98";"chr3D";617434955
"882";"wsnp_CAP11_c1051_622082";"chr3D";617435205
"883";"CAP11_c1051_121";"chr3D";617435313
"884";"BS00024440_51";"chr3D";617440108
"885";"Excalibur_c46790_502";"chr3D";617673993
"886";"BS00066691_51";"chr3D";617751247
"887";"Kukri_c12013_443";"chr3D";617752442
"888";"Kukri_c12013_90";"chr3D";617752796
"889";"Kukri_rep_c87658_1542";"chr3D";617752952
"890";"wsnp_Ex_c5061_8986366";"chr3D";617753058
"891";"Excalibur_c54670_110";"chr3D";617757062
"892";"RAC875_c51595_177";"chr3D";617757520
"893";"BS00064063_51|D_contig04964_668";"chr3D";617766333
"894";"RAC875_c43838_146";"chr3D";617840095
"895";"Excalibur_c56069_128";"chr3D";617840557
"896";"RFL_Contig2432_953";"chr3D";618256005
"897";"BS00078532_51";"chr3D";618417590
"898";"BS00078092_51";"chr3D";618417763
"899";"BS00035307_51";"chr4A";3424618
"900";"IAAV2216";"chr4A";4642490
"901";"Kukri_c2963_272";"chr4A";9987483
"902";"Excalibur_c12032_1101";"chr4A";10712266
"903";"BS00022177_51";"chr4A";12242671
"904";"wsnp_Ra_c14920_23225219";"chr4A";13178397
"905";"RAC875_c16405_84";"chr4A";29280763
"906";"Kukri_c16916_1073";"chr4A";30513653
"907";"wsnp_Ex_c5690_9994334";"chr4A";39010175
"908";"wsnp_Ku_rep_c76865_75281903";"chr4A";60651660
"909";"wsnp_Ex_c8131_13754852";"chr4A";120070361
"910";"RAC875_c27776_86";"chr4A";129834424
"911";"wsnp_Ex_c9464_15689857";"chr4A";534414030
"912";"IAAV125";"chr4A";544012642
"913";"BS00010925_51";"chr4A";587784360
"914";"BobWhite_rep_c49931_364";"chr4A";603282322
"915";"BS00023151_51";"chr4A";609381583
"916";"BobWhite_c12128_187";"chr4A";613169667
"917";"Tdurum_contig42257_4485";"chr4A";613283992
"918";"wsnp_Ex_c24474_33721784";"chr4A";614813951
"919";"wsnp_Ku_c4924_8816643";"chr4A";615129189
"920";"BobWhite_c35402_66";"chr4A";617281994
"921";"Tdurum_contig13489_292";"chr4A";617282086
"922";"Kukri_c4594_825";"chr4A";619215413
"923";"Kukri_c5039_2269";"chr4A";621255217
"924";"Excalibur_c20024_806";"chr4A";621256874
"925";"wsnp_Ex_c41074_47988141";"chr4A";621266258
"926";"Excalibur_c2618_1412";"chr4A";621666044
"927";"Kukri_c25832_794";"chr4A";623952035
"928";"JD_c4438_839";"chr4A";627277193
"929";"BobWhite_c20282_164";"chr4A";627325347
"930";"BS00010144_51";"chr4A";629639764
"931";"Kukri_c17942_239";"chr4A";629640229
"932";"CAP11_c1989_183";"chr4A";633388836
"933";"BobWhite_c33898_150";"chr4A";634064111
"934";"Kukri_c33315_159";"chr4A";634134455
"935";"BS00059503_51";"chr4A";642560750
"936";"Kukri_c96159_197";"chr4A";646700185
"937";"Excalibur_c4325_1440";"chr4A";647082974
"938";"Tdurum_contig15586_563";"chr4A";647183147
"939";"wsnp_Ex_c3988_7221220";"chr4A";666371209
"940";"Excalibur_c4370_1451";"chr4A";667033050
"941";"Excalibur_c4370_1221";"chr4A";667033280
"942";"wsnp_JD_c27162_22206547";"chr4A";668474506
"943";"tplb0024a09_919";"chr4A";678136068
"944";"IAAV3960";"chr4A";708504916
"945";"wsnp_Ex_c11047_17915225";"chr4A";709846287
"946";"RAC875_c1115_341";"chr4A";709856371
"947";"BS00022929_51";"chr4A";713341626
"948";"Excalibur_c7753_51";"chr4A";717745269
"949";"BS00100441_51";"chr4A";717746227
"950";"Tdurum_contig93156_127";"chr4A";717746260
"951";"Jagger_c2200_347";"chr4A";722472307
"952";"Tdurum_contig75819_1591";"chr4A";723621083
"953";"RFL_Contig3841_2409";"chr4A";723621320
"954";"RFL_Contig3841_2433";"chr4A";723621344
"955";"RFL_Contig3841_2595|Tdurum_contig75819_1309";"chr4A";723621647
"956";"Tdurum_contig75819_559";"chr4A";723623148
"957";"BobWhite_c20306_88";"chr4A";723882828
"958";"RAC875_c54248_724";"chr4A";728382481
"959";"Excalibur_c6050_323";"chr4A";737354924
"960";"Tdurum_contig46583_2146";"chr4A";748960423
"961";"Tdurum_contig42083_757";"chr4B";5992523
"962";"wsnp_BF483640B_Ta_2_2";"chr4B";9811182
"963";"BS00009480_51";"chr4B";13966893
"964";"Tdurum_contig10984_210";"chr4B";16496592
"965";"BS00071658_51";"chr4B";19660010
"966";"wsnp_Ku_c8075_13785546";"chr4B";21914939
"967";"Tdurum_contig41902_1673";"chr4B";26013667
"968";"Tdurum_contig64772_417";"chr4B";27919074
"969";"RAC875_c44584_162";"chr4B";30165134
"970";"IACX557";"chr4B";30367591
"971";"BS00021984_51";"chr4B";36883899
"972";"Tdurum_contig63670_287";"chr4B";38005599
"973";"BobWhite_c9876_331";"chr4B";389489859
"974";"TA006298-0500";"chr4B";392977418
"975";"Tdurum_contig5562_730";"chr4B";405410925
"976";"Tdurum_contig5562_441";"chr4B";405411214
"977";"Excalibur_rep_c66744_2113";"chr4B";411427953
"978";"Tdurum_contig52805_183";"chr4B";417331471
"979";"BS00064884_51";"chr4B";426786962
"980";"Kukri_c322_1394";"chr4B";533039128
"981";"wsnp_Ex_c23363_32607637";"chr4B";541848846
"982";"BS00087144_51";"chr4B";546425684
"983";"Tdurum_contig47552_957";"chr4B";546613590
"984";"BS00077411_51";"chr4B";552428337
"985";"Excalibur_c56741_119";"chr4B";558353165
"986";"wsnp_Ex_c19319_28253742";"chr4B";565521094
"987";"wsnp_CAP12_rep_c4278_1949864";"chr4B";566478398
"988";"IAAV2228";"chr4B";566490208
"989";"RAC875_c24550_1150";"chr4B";566493200
"990";"BS00022181_51";"chr4B";567454376
"991";"BS00069989_51";"chr4B";567855344
"992";"BS00058659_51";"chr4B";570039984
"993";"wsnp_Ex_c42895_49355806";"chr4B";570962358
"994";"Ex_c57212_719";"chr4B";570977417
"995";"RAC875_c39226_131";"chr4B";574955516
"996";"Ra_c15473_681";"chr4B";578566549
"997";"RAC875_c15143_227";"chr4B";579338703
"998";"RAC875_c3790_429";"chr4B";581540703
"999";"BobWhite_c1295_470";"chr4B";582119206
"1000";"RAC875_rep_c108328_299";"chr4B";585672870
"1001";"Tdurum_contig28920_296";"chr4B";588233608
"1002";"Tdurum_contig31737_203";"chr4B";589903423
"1003";"BobWhite_c13247_795";"chr4B";590482284
"1004";"Tdurum_contig93160_155";"chr4B";591131978
"1005";"RAC875_c89195_138";"chr4B";593980601
"1006";"BobWhite_c40424_143";"chr4B";633387116
"1007";"Excalibur_c31044_482";"chr4B";633872661
"1008";"Excalibur_c25270_218";"chr4B";634767824
"1009";"BobWhite_c27751_206";"chr4B";634855587
"1010";"Kukri_c4221_1114";"chr4B";645235940
"1011";"Excalibur_c1706_1413";"chr4B";651659784
"1012";"tplb0027f12_503";"chr4B";654991791
"1013";"wsnp_BE499546B_Ta_2_1";"chr4B";656245718
"1014";"Excalibur_c49297_159";"chr4B";656249543
"1015";"tplb0056i06_856";"chr4B";659634248
"1016";"RAC875_c87897_333";"chr4B";667583494
"1017";"BS00022808_51";"chr4B";668709559
"1018";"BS00040517_51";"chr4B";673375605
"1019";"wsnp_Ex_c4148_7494801";"chr4B";673887818
"1020";"JD_c15782_595";"chr4B";676710748
"1021";"RAC875_c48025_483";"chr4B";681822696
"1022";"Ku_c2885_1286";"chr4B";689021947
"1023";"Ku_c2885_1189";"chr4B";689022044
"1024";"Ku_c9134_782";"chr4B";689184395
"1025";"Tdurum_contig9118_1078";"chr4B";689336210
"1026";"BS00108770_51";"chr4D";3673713
"1027";"BS00022283_51";"chr4D";3680171
"1028";"wsnp_Ex_rep_c107564_91144523";"chr4D";26735190
"1029";"Ra_c350_837";"chr4D";111721106
"1030";"wsnp_BE444858D_Ta_1_1";"chr4D";134619728
"1031";"RAC875_rep_c109674_414";"chr4D";187014339
"1032";"wsnp_BF202706D_Ta_1_1";"chr4D";218513069
"1033";"Ku_c2271_358";"chr4D";253939544
"1034";"wsnp_BF473052D_Ta_2_1";"chr4D";441152501
"1035";"D_GDS7LZN02F0W89_230";"chr4D";458388630
"1036";"BS00022436_51";"chr4D";458393778
"1037";"BS00064002_51";"chr4D";458802353
"1038";"BS00106571_51";"chr4D";458807647
"1039";"BS00047797_51";"chr4D";459122261
"1040";"BS00101071_51";"chr5A";9357157
"1041";"wsnp_Ku_c9559_15999945";"chr5A";9546069
"1042";"Kukri_c17126_1211";"chr5A";9547331
"1043";"wsnp_Ex_c25707_34968426";"chr5A";9548776
"1044";"Ra_c10762_1137";"chr5A";9549092
"1045";"Kukri_c29420_310";"chr5A";10633268
"1046";"wsnp_BE399966A_Ta_2_3";"chr5A";11349947
"1047";"wsnp_Ku_c1254_2498515";"chr5A";11617185
"1048";"Excalibur_rep_c88724_127";"chr5A";22324829
"1049";"BS00029347_51";"chr5A";50006921
"1050";"wsnp_Ku_c48254_54492007";"chr5A";50403368
"1051";"BS00078654_51";"chr5A";52064637
"1052";"RAC875_c15192_51";"chr5A";52354691
"1053";"BS00046772_51";"chr5A";53433438
"1054";"wsnp_Ra_c212_447994";"chr5A";56320359
"1055";"wsnp_Ku_c1102_2211433";"chr5A";56321316
"1056";"BobWhite_c37803_125";"chr5A";77908786
"1057";"TA006001-0725";"chr5A";90201408
"1058";"BobWhite_rep_c49176_485";"chr5A";90215490
"1059";"Excalibur_c25331_1224";"chr5A";90906625
"1060";"RFL_Contig4653_1217";"chr5A";93736406
"1061";"IAAV5061";"chr5A";95154087
"1062";"wsnp_Ex_c2922_5391083";"chr5A";96200429
"1063";"RAC875_c29957_355";"chr5A";96204453
"1064";"Excalibur_c22926_514";"chr5A";97211536
"1065";"wsnp_Ra_c10053_16636851";"chr5A";102991330
"1066";"wsnp_Ku_c16812_25759885";"chr5A";102992259
"1067";"Ku_c4397_2120";"chr5A";103387172
"1068";"wsnp_Ex_c130_259533";"chr5A";108202113
"1069";"Ex_c5902_360";"chr5A";111232258
"1070";"BS00045284_51|wsnp_Ex_c15084_23263641";"chr5A";113109004
"1071";"wsnp_Ra_c13_24911";"chr5A";418865118
"1072";"wsnp_Ra_c13_24540";"chr5A";418865489
"1073";"RAC875_c13_1589";"chr5A";418866847
"1074";"wsnp_Ex_c4666_8349206";"chr5A";418968514
"1075";"Tdurum_contig49844_958|tplb0031i04_452";"chr5A";419574386
"1076";"CAP12_c667_143";"chr5A";420174302
"1077";"RAC875_c4033_192";"chr5A";444492894
"1078";"BS00067453_51";"chr5A";450797402
"1079";"BS00089968_51";"chr5A";450898638
"1080";"Tdurum_contig43874_1129";"chr5A";470754069
"1081";"wsnp_Ex_c2474_4619730";"chr5A";473639409
"1082";"Kukri_c1106_1489";"chr5A";482529631
"1083";"Tdurum_contig49187_601";"chr5A";483286973
"1084";"CAP8_c1066_309";"chr5A";489070639
"1085";"Tdurum_contig96830_155";"chr5A";489446077
"1086";"Ex_c9327_1198";"chr5A";489450223
"1087";"RAC875_c18195_718";"chr5A";506206035
"1088";"BobWhite_c1387_798";"chr5A";529293612
"1089";"wsnp_Ex_c3670_6694480";"chr5A";536305605
"1090";"BS00021805_51";"chr5A";536306153
"1091";"BS00067676_51";"chr5A";555910234
"1092";"BS00065292_51";"chr5A";556701936
"1093";"RFL_Contig2031_2040";"chr5A";560134598
"1094";"BS00077858_51";"chr5A";560556750
"1095";"BS00010179_51";"chr5A";560558215
"1096";"RAC875_c23340_2243";"chr5A";560787823
"1097";"Tdurum_contig71499_211";"chr5A";571844070
"1098";"Ex_c4208_839";"chr5A";574186123
"1099";"Excalibur_c54774_408";"chr5A";594527080
"1100";"Tdurum_contig50175_875";"chr5A";595410894
"1101";"RFL_Contig316_572";"chr5A";596468536
"1102";"Ku_c21235_676";"chr5A";619747127
"1103";"wsnp_Ex_c53426_56666788";"chr5A";626963779
"1104";"wsnp_Ex_c16715_25264080";"chr5A";634713681
"1105";"BobWhite_c2830_327";"chr5A";658205331
"1106";"TA003720-0955";"chr5A";658352121
"1107";"CAP8_rep_c4852_130";"chr5A";658544683
"1108";"BS00067351_51";"chr5A";672599918
"1109";"CAP11_c2623_196";"chr5A";678261079
"1110";"BobWhite_rep_c63332_67";"chr5A";678938518
"1111";"wsnp_Ra_c25624_35192195";"chr5A";682249930
"1112";"BobWhite_c6966_236";"chr5A";684113579
"1113";"CAP12_c956_61";"chr5A";685656275
"1114";"wsnp_Ex_c3136_5798185";"chr5A";686253587
"1115";"BS00036851_51";"chr5A";686258686
"1116";"tplb0029a15_1300";"chr5A";686258843
"1117";"Ku_c19516_384";"chr5A";688004183
"1118";"BS00023152_51";"chr5A";688483685
"1119";"BS00022864_51";"chr5A";701425767
"1120";"BS00034658_51";"chr5B";473718
"1121";"IACX7443";"chr5B";1565766
"1122";"wsnp_Ex_c214_422365";"chr5B";44131996
"1123";"Tdurum_contig81708_212";"chr5B";45851978
"1124";"BS00045447_51";"chr5B";331676966
"1125";"BS00045446_51";"chr5B";331676982
"1126";"BS00023803_51|wsnp_Ex_c8985_14979134";"chr5B";354891844
"1127";"Kukri_c23070_350";"chr5B";355139255
"1128";"TA008675-0589";"chr5B";357771776
"1129";"BS00002191_51";"chr5B";359067842
"1130";"RAC875_c42518_57";"chr5B";359816371
"1131";"wsnp_Ex_c6391_11109898";"chr5B";359816662
"1132";"Kukri_c36789_230";"chr5B";360466353
"1133";"wsnp_Ex_c2132_4006417";"chr5B";360525728
"1134";"wsnp_Ex_c2132_4004831";"chr5B";360528244
"1135";"Kukri_c38365_158";"chr5B";360535355
"1136";"BS00070771_51";"chr5B";361040947
"1137";"Ex_c5632_778";"chr5B";361042376
"1138";"wsnp_Ex_c5632_9904112";"chr5B";361042777
"1139";"Kukri_c17783_58";"chr5B";361043921
"1140";"BS00022086_51";"chr5B";361887298
"1141";"wsnp_Ku_c7199_12444840";"chr5B";361887841
"1142";"RAC875_c47060_61";"chr5B";361888806
"1143";"wsnp_Ex_c40022_47169752";"chr5B";361901491
"1144";"wsnp_Ex_c40022_47169698";"chr5B";361901545
"1145";"Ex_c40022_873";"chr5B";361902277
"1146";"IAAV3825";"chr5B";362344561
"1147";"CAP12_c1419_574";"chr5B";367232787
"1148";"IAAV5873";"chr5B";413547967
"1149";"Excalibur_rep_c110067_199";"chr5B";464223005
"1150";"Ku_c1083_1314";"chr5B";479329184
"1151";"RFL_Contig658_1166";"chr5B";480565937
"1152";"Excalibur_c10444_2056";"chr5B";480797485
"1153";"Kukri_rep_c103253_565";"chr5B";482345599
"1154";"Excalibur_c44034_479";"chr5B";508433475
"1155";"BobWhite_c9070_287";"chr5B";515089459
"1156";"wsnp_Ex_c1314_2513802";"chr5B";517063261
"1157";"Excalibur_c35011_203";"chr5B";536861033
"1158";"BobWhite_c47456_121";"chr5B";536864108
"1159";"Tdurum_contig67535_391";"chr5B";537083150
"1160";"BS00017264_51";"chr5B";550885636
"1161";"RAC875_c10139_336";"chr5B";550954241
"1162";"Excalibur_c33675_201";"chr5B";551546734
"1163";"Excalibur_c29928_1264";"chr5B";551657746
"1164";"Ku_c11429_519";"chr5B";555007956
"1165";"RAC875_c7011_435";"chr5B";584376293
"1166";"RFL_Contig539_1789";"chr5B";584793957
"1167";"BobWhite_c11495_120";"chr5B";585291153
"1168";"BS00022673_51";"chr5B";585345950
"1169";"Kukri_c59540_137";"chr5B";587550927
"1170";"wsnp_Ex_c11265_18216936";"chr5B";588628753
"1171";"Kukri_c6176_1400";"chr5B";589773102
"1172";"Excalibur_rep_c106165_238";"chr5B";592445656
"1173";"Ra_c2216_1449";"chr5B";592446577
"1174";"Tdurum_contig10669_1535";"chr5B";592493445
"1175";"BS00080495_51";"chr5B";592950186
"1176";"tplb0021e12_793";"chr5B";593131916
"1177";"tplb0021e12_768";"chr5B";593131941
"1178";"BS00021735_51";"chr5B";595269513
"1179";"wsnp_Ra_c47696_53184502";"chr5B";595269762
"1180";"BobWhite_rep_c50349_139";"chr5B";596112681
"1181";"IACX5390";"chr5B";596114112
"1182";"Tdurum_contig13773_321";"chr5B";597202829
"1183";"BS00026678_51";"chr5B";598319581
"1184";"BS00022065_51";"chr5B";604865232
"1185";"Tdurum_contig43078_437";"chr5B";605003201
"1186";"Tdurum_contig70554_1006";"chr5B";605128793
"1187";"Tdurum_contig68741_839";"chr5B";611698146
"1188";"Kukri_c10508_438";"chr5B";618183711
"1189";"BobWhite_c22036_399";"chr5B";618185783
"1190";"Tdurum_contig50731_961";"chr5B";618774147
"1191";"wsnp_Ku_c25613_35580381";"chr5B";618891524
"1192";"wsnp_Ex_c11070_17950604";"chr5B";619349569
"1193";"wsnp_JD_c6562_7716133";"chr5B";621039177
"1194";"BS00065029_51";"chr5B";621040275
"1195";"Tdurum_contig82473_67";"chr5B";621864049
"1196";"Tdurum_contig51422_127";"chr5B";622274830
"1197";"Tdurum_contig94033_717";"chr5B";623081019
"1198";"BS00037104_51";"chr5B";623426098
"1199";"RAC875_rep_c91630_132";"chr5B";623589269
"1200";"wsnp_Ku_rep_c102339_89347150";"chr5B";623952830
"1201";"Tdurum_contig5017_1015";"chr5B";634799117
"1202";"Tdurum_contig27843_375";"chr5B";635941324
"1203";"Tdurum_contig29090_280";"chr5B";636022907
"1204";"Kukri_rep_c72756_155";"chr5B";636023245
"1205";"RAC875_rep_c109658_614";"chr5B";636023548
"1206";"RAC875_rep_c109658_382";"chr5B";636023780
"1207";"RAC875_c48052_127";"chr5B";636023819
"1208";"Excalibur_c1925_2569";"chr5B";636028611
"1209";"wsnp_Ra_c12489_19996904";"chr5B";636043554
"1210";"Kukri_c4096_220";"chr5B";657268199
"1211";"wsnp_Ku_c1045_2115866";"chr5B";660297335
"1212";"Tdurum_contig35470_227";"chr5B";660870053
"1213";"Excalibur_c45488_148|wsnp_Ex_c11951_19164786";"chr5B";664566617
"1214";"Tdurum_contig8210_317";"chr5B";665696229
"1215";"BS00062618_51";"chr5B";674914454
"1216";"RAC875_c13208_684";"chr5B";676679683
"1217";"BS00069416_51";"chr5B";681763131
"1218";"Excalibur_c6785_155";"chr5B";687835981
"1219";"RFL_Contig5616_1779";"chr5B";689325399
"1220";"Excalibur_c2618_1723";"chr5B";690479072
"1221";"BS00031338_51";"chr5B";690681816
"1222";"BS00031339_51";"chr5B";690681819
"1223";"Excalibur_c23801_115";"chr5B";693423394
"1224";"Kukri_c18410_409";"chr5B";695863508
"1225";"Excalibur_c146_170";"chr5B";695866220
"1226";"RFL_Contig3285_1009";"chr5B";697225030
"1227";"BobWhite_c3488_386";"chr5B";697225666
"1228";"RAC875_c79095_311";"chr5B";697237337
"1229";"Excalibur_c34579_263";"chr5B";698719268
"1230";"RAC875_rep_c106589_650";"chr5B";703925182
"1231";"BobWhite_rep_c49751_629";"chr5B";703927108
"1232";"Tdurum_contig92922_58";"chr5B";703927864
"1233";"Excalibur_rep_c106082_272";"chr5B";704447399
"1234";"Tdurum_contig43552_666";"chr5B";709702508
"1235";"Excalibur_c19267_919";"chr5D";47392052
"1236";"RAC875_c44064_222";"chr5D";47833988
"1237";"RAC875_rep_c117371_229";"chr5D";47865033
"1238";"Excalibur_c4964_275";"chr5D";47905988
"1239";"Excalibur_c37393_75";"chr5D";48034868
"1240";"D_GBF1XID01A16U2_148";"chr5D";48284437
"1241";"BobWhite_c836_422";"chr5D";48382226
"1242";"Kukri_c20991_1642";"chr5D";49030455
"1243";"BobWhite_c1372_133";"chr5D";79000474
"1244";"RAC875_c51455_182";"chr5D";83067414
"1245";"BobWhite_c7263_337";"chr5D";389145327
"1246";"Kukri_c15380_902";"chr5D";449241634
"1247";"Kukri_c52028_104";"chr5D";449246885
"1248";"BS00067651_51";"chr5D";526369070
"1249";"BS00022699_51";"chr5D";536839579
"1250";"wsnp_Ku_c44483_51751682";"chr5D";545209817
"1251";"D_GB5Y7FA02JRQ1I_101";"chr5D";545275332
"1252";"Excalibur_rep_c109856_92";"chr5D";545569446
"1253";"wsnp_Ku_c10877_17896883";"chr5D";545604103
"1254";"wsnp_Ex_c23618_32855041";"chr5D";547984486
"1255";"BobWhite_c13030_406";"chr5D";548813910
"1256";"tplb0030a05_2386";"chr5D";549987853
"1257";"Excalibur_c1289_927";"chr5D";549987983
"1258";"JD_c825_1450";"chr5D";549988825
"1259";"CAP7_c756_531";"chr5D";550021324
"1260";"BS00079676_51";"chr5D";551738077
"1261";"RAC875_c13169_459";"chr5D";551738684
"1262";"wsnp_JD_c4438_5568170";"chr5D";551781233
"1263";"wsnp_JD_c4438_5567972";"chr5D";551781431
"1264";"wsnp_JD_c4438_5567834";"chr5D";551781569
"1265";"Kukri_c24695_273";"chr5D";551867050
"1266";"Excalibur_c28592_377";"chr5D";551967239
"1267";"Excalibur_c2795_1518";"chr5D";551978729
"1268";"BS00022036_51";"chr5D";552346597
"1269";"wsnp_Ex_c17928_26697183";"chr5D";553003074
"1270";"wsnp_Ku_c3022_5674299";"chr5D";553003948
"1271";"BobWhite_c16578_171";"chr5D";553257760
"1272";"RAC875_c50750_234";"chr5D";553260475
"1273";"Excalibur_rep_c104791_725|wsnp_Ku_c5228_9318604";"chr5D";553274247
"1274";"D_GCE8AKX02IXEFJ_281";"chr5D";553624145
"1275";"Excalibur_c50584_358";"chr5D";554264007
"1276";"RAC875_c31971_336";"chr5D";554540351
"1277";"wsnp_Ra_c40111_47657505";"chr5D";555172657
"1278";"wsnp_Ku_rep_c101796_88894110";"chr5D";555173572
"1279";"BS00009287_51";"chr5D";555174959
"1280";"BS00084133_51";"chr5D";555175675
"1281";"BS00022267_51";"chr5D";555190420
"1282";"BS00074353_51";"chr5D";555565394
"1283";"BS00075368_51";"chr5D";555586190
"1284";"BS00025017_51";"chr5D";555697773
"1285";"RAC875_c3672_705";"chr5D";557354151
"1286";"D_contig27392_286|Kukri_c6412_124";"chr5D";557425850
"1287";"GENE-2281_931";"chr5D";558361985
"1288";"RAC875_c93365_200";"chr5D";562060883
"1289";"BS00011935_51";"chr5D";562252120
"1290";"BS00094333_51";"chr5D";562252514
"1291";"D_GDS7LZN02F4FP5_176";"chr5D";562289685
"1292";"BS00010322_51";"chr5D";562558071
"1293";"tplb0031c19_924";"chr5D";562593253
"1294";"RAC875_c8100_245";"chr5D";562835131
"1295";"wsnp_Ex_c11055_17928283";"chr5D";564030767
"1296";"wsnp_Ex_c11055_17927692";"chr5D";564031713
"1297";"BS00070751_51";"chr5D";564411054
"1298";"BS00021991_51";"chr5D";564416759
"1299";"BS00085191_51";"chr5D";564417082
"1300";"BobWhite_c47158_89";"chr5D";564444102
"1301";"wsnp_Ex_c6657_11523455";"chr5D";564972428
"1302";"RAC875_c3988_3479";"chr5D";565042995
"1303";"Excalibur_c33062_305";"chr5D";565149017
"1304";"Excalibur_c19430_1066";"chr6A";853287
"1305";"RAC875_c13610_822";"chr6A";856118
"1306";"Kukri_c7146_870";"chr6A";1179961
"1307";"Kukri_c8500_728";"chr6A";1371862
"1308";"Tdurum_contig44853_1083";"chr6A";1381461
"1309";"RAC875_c6135_95";"chr6A";3392250
"1310";"BobWhite_rep_c52979_181";"chr6A";5330053
"1311";"Excalibur_c431_1130";"chr6A";6284330
"1312";"Tdurum_contig12045_868";"chr6A";6284606
"1313";"wsnp_Ex_c431_848217";"chr6A";6284933
"1314";"TA005787-0140";"chr6A";6305743
"1315";"RFL_Contig5170_330";"chr6A";7488477
"1316";"Kukri_c3009_1374";"chr6A";7492582
"1317";"IAAV9150";"chr6A";7492910
"1318";"BobWhite_c13779_636";"chr6A";10477021
"1319";"wsnp_Ex_c9779_16145653";"chr6A";10757488
"1320";"Kukri_c21443_482";"chr6A";14518123
"1321";"Excalibur_c8197_381";"chr6A";19116006
"1322";"RAC875_c45444_883";"chr6A";21672758
"1323";"Tdurum_contig9544_2233";"chr6A";31858297
"1324";"TA001668-0792";"chr6A";32055395
"1325";"BS00076530_51";"chr6A";32106332
"1326";"BS00063990_51";"chr6A";47790264
"1327";"wsnp_Ex_c15378_23639387";"chr6A";48436676
"1328";"Tdurum_contig17126_1477";"chr6A";59543545
"1329";"BobWhite_c18017_209";"chr6A";60193545
"1330";"IAAV2681";"chr6A";72679186
"1331";"Ra_c28284_223";"chr6A";76531998
"1332";"Kukri_c14418_2376";"chr6A";518727439
"1333";"wsnp_Ku_c4296_7807837";"chr6A";520757834
"1334";"wsnp_JD_c10969_11530496";"chr6A";520918877
"1335";"wsnp_JD_c3839_4902725";"chr6A";520965138
"1336";"RAC875_c7560_398";"chr6A";522646901
"1337";"wsnp_Ex_c8741_14630167";"chr6A";522657633
"1338";"wsnp_JD_rep_c48797_33040150";"chr6A";522657674
"1339";"BS00063215_51";"chr6A";524104335
"1340";"IAAV5035|wsnp_CAP12_c1226_628910";"chr6A";524873532
"1341";"BS00065633_51";"chr6A";526232270
"1342";"BS00074754_51";"chr6A";528369319
"1343";"BS00037223_51";"chr6A";528565875
"1344";"Ku_c18430_1287";"chr6A";529666950
"1345";"RAC875_c691_1486";"chr6A";530666612
"1346";"BS00010780_51";"chr6A";530669193
"1347";"Kukri_c19612_514";"chr6A";530784353
"1348";"BS00028263_51";"chr6A";532025818
"1349";"BS00087447_51";"chr6A";532779860
"1350";"wsnp_BE490147A_Ta_2_1";"chr6A";539626421
"1351";"CAP8_rep_c9395_153";"chr6A";540211451
"1352";"wsnp_Ex_rep_c86110_78630016";"chr6A";546248727
"1353";"BS00072216_51";"chr6A";549119737
"1354";"Kukri_c19802_710";"chr6A";552338674
"1355";"wsnp_RFL_Contig3136_3092151";"chr6A";561390593
"1356";"wsnp_BE495143A_Ta_2_2";"chr6A";578284241
"1357";"BS00062781_51";"chr6A";578284926
"1358";"Excalibur_c10372_1256";"chr6A";583458047
"1359";"Tdurum_contig29357_338";"chr6A";592907982
"1360";"wsnp_Ex_c20457_29526403";"chr6A";594560074
"1361";"wsnp_Ex_c20457_29526260";"chr6A";594560217
"1362";"RFL_Contig1715_631";"chr6A";595459929
"1363";"RFL_Contig6053_3082";"chr6A";596082476
"1364";"Tdurum_contig46670_1680";"chr6A";597608897
"1365";"RAC875_c1998_2067";"chr6A";597610510
"1366";"Tdurum_contig33799_172";"chr6A";599763478
"1367";"wsnp_Ra_c11651_18855691";"chr6A";602037120
"1368";"RAC875_c15525_271";"chr6A";603916407
"1369";"Excalibur_c25390_2483";"chr6A";604252528
"1370";"RAC875_c38488_164";"chr6A";604394245
"1371";"Tdurum_contig30953_142";"chr6A";604395580
"1372";"Excalibur_c79991_552";"chr6A";606064043
"1373";"D_GDEEGVY02GMZ4L_337";"chr6A";606943130
"1374";"RFL_Contig5262_1500";"chr6A";608640995
"1375";"BS00034337_51";"chr6A";609188436
"1376";"BobWhite_c10832_1131";"chr6A";609602209
"1377";"Tdurum_contig83087_104";"chr6A";610598464
"1378";"Kukri_rep_c70558_246";"chr6A";614102014
"1379";"tplb0050d17_1401";"chr6A";614416275
"1380";"BobWhite_c27364_124";"chr6A";614732976
"1381";"Kukri_c494_1479";"chr6A";616792479
"1382";"Excalibur_c5082_158";"chr6A";619345299
"1383";"IAAV1761";"chr6B";4340062
"1384";"Tdurum_contig61178_618";"chr6B";4557815
"1385";"RFL_Contig2424_2617";"chr6B";5579542
"1386";"Kukri_c21405_2131";"chr6B";5581925
"1387";"Ex_c16090_1439";"chr6B";7226097
"1388";"Tdurum_contig32779_217";"chr6B";9654099
"1389";"RFL_Contig3110_2172";"chr6B";17158086
"1390";"Excalibur_c50559_622";"chr6B";17275679
"1391";"wsnp_Ex_c702_1383612";"chr6B";21203244
"1392";"Kukri_rep_c104879_103";"chr6B";40166798
"1393";"Tdurum_contig9612_971";"chr6B";40407602
"1394";"RAC875_c92963_773";"chr6B";41395152
"1395";"Excalibur_rep_c76289_85";"chr6B";41657316
"1396";"RAC875_c26450_575";"chr6B";41657660
"1397";"BS00100307_51";"chr6B";41872065
"1398";"BS00090070_51";"chr6B";41931523
"1399";"Kukri_c35255_1234";"chr6B";41947726
"1400";"Tdurum_contig43092_876";"chr6B";41948125
"1401";"Kukri_rep_c103613_253";"chr6B";41949545
"1402";"Kukri_c61725_362";"chr6B";42487282
"1403";"RAC875_c13920_836";"chr6B";42779478
"1404";"IACX6023";"chr6B";43274391
"1405";"Tdurum_contig61150_752";"chr6B";61999322
"1406";"Tdurum_contig58200_210";"chr6B";91788342
"1407";"Tdurum_contig13901_55";"chr6B";91911452
"1408";"wsnp_Ex_c7907_13427724";"chr6B";121827975
"1409";"wsnp_Ex_c12577_20022294";"chr6B";134856731
"1410";"Tdurum_contig41980_2722";"chr6B";140447863
"1411";"Tdurum_contig41980_1727";"chr6B";140449098
"1412";"Tdurum_contig41980_619";"chr6B";140450206
"1413";"BS00003214_51";"chr6B";146559912
"1414";"Tdurum_contig6121_947";"chr6B";159494753
"1415";"CAP8_c1678_709";"chr6B";163564152
"1416";"BobWhite_c47659_100";"chr6B";168506828
"1417";"RAC875_c81264_124";"chr6B";175045985
"1418";"BobWhite_c10140_297";"chr6B";176030131
"1419";"wsnp_Ra_c57648_59682822";"chr6B";185173497
"1420";"wsnp_CAP8_c1530_885118";"chr6B";189339270
"1421";"Kukri_rep_c69660_52";"chr6B";189876876
"1422";"BS00058305_51";"chr6B";206629051
"1423";"Ra_c17795_425";"chr6B";206630635
"1424";"BobWhite_c17750_568";"chr6B";211707872
"1425";"Kukri_c66543_712";"chr6B";228095587
"1426";"Excalibur_c28771_400";"chr6B";232184408
"1427";"BobWhite_c10852_309";"chr6B";235052954
"1428";"Kukri_c44940_117";"chr6B";273623097
"1429";"RAC875_c7110_2706";"chr6B";277610928
"1430";"D_GBB4FNX01BO9N8_336";"chr6B";284509623
"1431";"BS00026203_51";"chr6B";305885219
"1432";"wsnp_Ex_c16446_24946990";"chr6B";318373853
"1433";"Excalibur_c7823_397";"chr6B";323148501
"1434";"Ku_c47744_1073";"chr6B";425174896
"1435";"BobWhite_c11301_226";"chr6B";447219599
"1436";"Ex_c1145_552";"chr6B";456101999
"1437";"RAC875_c64560_111";"chr6B";456103535
"1438";"BS00067073_51";"chr6B";459086682
"1439";"BS00073906_51";"chr6B";472040473
"1440";"RAC875_c6431_1012";"chr6B";487244663
"1441";"wsnp_BE591931B_Ta_2_2";"chr6B";529149473
"1442";"wsnp_JD_c34368_25929293";"chr6B";553778886
"1443";"Tdurum_contig44173_792";"chr6B";560781552
"1444";"RFL_Contig4251_851";"chr6B";602793525
"1445";"RAC875_c13216_111";"chr6B";630446803
"1446";"Tdurum_contig76997_244";"chr6B";630755690
"1447";"Tdurum_contig76997_462";"chr6B";630755908
"1448";"BS00023050_51|Tdurum_contig76997_664";"chr6B";630756109
"1449";"BS00022599_51";"chr6B";632282933
"1450";"Kukri_rep_c68504_1403";"chr6B";635965377
"1451";"BobWhite_rep_c53133_385";"chr6B";647372358
"1452";"CAP7_rep_c12929_169";"chr6B";650812725
"1453";"Tdurum_contig53779_1074";"chr6B";652161389
"1454";"wsnp_BE637911B_Ta_2_2";"chr6B";652162564
"1455";"wsnp_BE637911B_Ta_2_1";"chr6B";652162812
"1456";"BS00063217_51";"chr6B";652871833
"1457";"BS00068506_51";"chr6B";652977737
"1458";"GENE-4093_178";"chr6B";653046902
"1459";"Tdurum_contig17421_310";"chr6B";667436427
"1460";"Excalibur_rep_c110824_66";"chr6B";667437484
"1461";"BS00023080_51";"chr6B";667547478
"1462";"BS00109717_51";"chr6B";667550423
"1463";"Kukri_c16404_100";"chr6B";668281604
"1464";"BS00041633_51";"chr6B";669292378
"1465";"Kukri_c85856_60";"chr6B";680423612
"1466";"Kukri_c20590_210";"chr6B";685151594
"1467";"BobWhite_c27559_270";"chr6B";685244445
"1468";"BS00046264_51";"chr6B";687410691
"1469";"BS00046263_51";"chr6B";687410926
"1470";"BS00085688_51";"chr6B";687621646
"1471";"IAAV3657";"chr6B";688071134
"1472";"Kukri_rep_c101126_469";"chr6B";688275278
"1473";"tplb0046e21_618";"chr6B";690415049
"1474";"Tdurum_contig7986_704";"chr6B";690415134
"1475";"RAC875_c5413_1266";"chr6B";692702675
"1476";"wsnp_Ex_c54772_57527555";"chr6B";692783381
"1477";"wsnp_Ex_c54772_57528275";"chr6B";692784320
"1478";"wsnp_Ex_c293_568575";"chr6B";693010696
"1479";"wsnp_Ex_c293_568283";"chr6B";693010988
"1480";"RAC875_c56205_127";"chr6B";694908864
"1481";"IAAV1771";"chr6B";694909003
"1482";"RAC875_c45987_106";"chr6B";694916868
"1483";"RAC875_c1927_197";"chr6B";703811130
"1484";"Excalibur_c10358_1800";"chr6D";1151876
"1485";"Excalibur_c52276_176";"chr6D";1503859
"1486";"Kukri_c55362_75";"chr6D";1820453
"1487";"BS00022523_51";"chr6D";5712193
"1488";"IACX9471";"chr6D";5778807
"1489";"Ra_c42576_780";"chr6D";5778906
"1490";"wsnp_BE445201D_Ta_1_1";"chr6D";114460376
"1491";"IACX179";"chr6D";152594622
"1492";"wsnp_Ex_c1035_1980908";"chr6D";160807187
"1493";"Ex_c39405_712";"chr6D";169801520
"1494";"Jagger_c211_207";"chr6D";220780001
"1495";"BS00021881_51";"chr6D";433062115
"1496";"BS00036102_51";"chr6D";467428502
"1497";"RAC875_c17946_277";"chr6D";467639548
"1498";"wsnp_Ex_c25390_34655262";"chr6D";469342249
"1499";"Kukri_rep_c70361_193";"chr6D";469342501
"1500";"wsnp_Ex_c25390_34654575";"chr6D";469342936
"1501";"CAP7_rep_c12716_77";"chr6D";469721666
"1502";"GENE-3976_443";"chr6D";469722499
"1503";"wsnp_Ra_c7200_12462543";"chr6D";469731296
"1504";"IAAV1012";"chr6D";470208435
"1505";"Excalibur_c30035_368";"chr6D";470208464
"1506";"tplb0025h02_894";"chr6D";470667422
"1507";"RAC875_c64099_90";"chr6D";471528107
"1508";"RAC875_c48570_361";"chr6D";471530500
"1509";"BobWhite_c34996_280";"chr6D";471655495
"1510";"Excalibur_c22599_921";"chr6D";471657156
"1511";"tplb0046a04_902";"chr6D";471960938
"1512";"Excalibur_c83056_83";"chr6D";472263729
"1513";"wsnp_Ex_c14691_22763609";"chr6D";472304683
"1514";"GENE-3864_207";"chr6D";472310433
"1515";"IAAV3944";"chr6D";472341415
"1516";"Excalibur_c43740_95";"chr6D";472344152
"1517";"Excalibur_c4261_1098";"chr6D";472401057
"1518";"wsnp_JD_rep_c50999_34772439";"chr6D";472660811
"1519";"Ku_c107983_831";"chr6D";472871571
"1520";"RAC875_rep_c115101_171";"chr6D";472871976
"1521";"BobWhite_c34798_184";"chr6D";473158971
"1522";"RAC875_c24285_1049";"chr6D";473425756
"1523";"Excalibur_c8134_1319";"chr6D";473563887
"1524";"Excalibur_c29102_933";"chr6D";473565054
"1525";"Ex_c31468_763";"chr6D";473572658
"1526";"Ex_c31468_598";"chr6D";473572823
"1527";"CAP7_c2559_543";"chr6D";474710482
"1528";"wsnp_Ex_c6942_11966469";"chr6D";474714743
"1529";"BobWhite_c13435_700";"chr6D";474719776
"1530";"tplb0038e08_609";"chr6D";475043287
"1531";"Excalibur_c2991_320";"chr6D";475822943
"1532";"Excalibur_c63506_512";"chr6D";475826293
"1533";"wsnp_CAP7_c1735_859744";"chr6D";476519223
"1534";"wsnp_CAP7_c1735_859875";"chr6D";476519355
"1535";"Kukri_rep_c107605_164";"chr6D";476520297
"1536";"Excalibur_c16566_485";"chr6D";476889546
"1537";"BS00022206_51";"chr6D";476890714
"1538";"BS00105877_51";"chr6D";479165444
"1539";"RAC875_c14354_934";"chr6D";482228853
"1540";"Excalibur_c15309_646";"chr6D";482230102
"1541";"Ex_c12134_939";"chr6D";482716332
"1542";"BS00070856_51";"chr6D";483739858
"1543";"RFL_Contig2615_982";"chr6D";483805184
"1544";"BS00061126_51";"chr6D";483982851
"1545";"BS00095826_51";"chr7A";1706781
"1546";"Kukri_c38338_485";"chr7A";13723399
"1547";"Kukri_c36885_58";"chr7A";13787485
"1548";"RAC875_rep_c114991_493";"chr7A";17135188
"1549";"wsnp_Ra_c63822_63288359";"chr7A";25057395
"1550";"RAC875_c63822_185";"chr7A";25058429
"1551";"IAAV6131";"chr7A";25983207
"1552";"Tdurum_contig85217_286";"chr7A";30068113
"1553";"Tdurum_contig67992_238";"chr7A";63155684
"1554";"Tdurum_contig28195_198";"chr7A";63715214
"1555";"BS00111112_51";"chr7A";67932872
"1556";"Ex_c4463_146";"chr7A";82484003
"1557";"BS00074230_51";"chr7A";83230747
"1558";"Tdurum_contig63598_188";"chr7A";116164416
"1559";"wsnp_Ex_c40247_47349166";"chr7A";116518294
"1560";"RAC875_rep_c111778_387";"chr7A";116520582
"1561";"RAC875_rep_c76772_850";"chr7A";117353100
"1562";"Tdurum_contig61653_948";"chr7A";117827314
"1563";"BS00021769_51";"chr7A";118856384
"1564";"Tdurum_contig13080_153";"chr7A";149047446
"1565";"Tdurum_contig4676_3592";"chr7A";158008204
"1566";"BS00092805_51";"chr7A";160452438
"1567";"Kukri_s118416_65";"chr7A";167980070
"1568";"BS00051338_51";"chr7A";169518996
"1569";"BobWhite_c3670_517";"chr7A";172407805
"1570";"Kukri_c24337_416";"chr7A";202681037
"1571";"Excalibur_rep_c81365_214|wsnp_JD_c6050_7214383";"chr7A";246132388
"1572";"BS00067759_51";"chr7A";247501601
"1573";"Tdurum_contig11862_341";"chr7A";259647856
"1574";"Ra_c8425_1331";"chr7A";261044837
"1575";"Excalibur_c48973_1688";"chr7A";280935326
"1576";"Tdurum_contig76441_240";"chr7A";285225672
"1577";"RAC875_c37071_73";"chr7A";296344858
"1578";"Tdurum_contig28843_80";"chr7A";296345296
"1579";"Excalibur_c26782_423";"chr7A";432819293
"1580";"Excalibur_rep_c68850_592";"chr7A";505791672
"1581";"wsnp_Ex_c558_1105911";"chr7A";515632441
"1582";"BS00015354_51|Kukri_c64283_212";"chr7A";541306840
"1583";"BS00065462_51";"chr7A";542734798
"1584";"BobWhite_c66165_77";"chr7A";543557005
"1585";"Excalibur_c12916_123";"chr7A";574041546
"1586";"IAAV8081";"chr7A";576110262
"1587";"RAC875_c4732_1672|wsnp_Ku_c4591_8286583";"chr7A";576512294
"1588";"RAC875_c21280_2176";"chr7A";585401984
"1589";"wsnp_Ra_c21280_30656003";"chr7A";585402124
"1590";"Ra_c1227_2718";"chr7A";585467638
"1591";"Kukri_c47141_79";"chr7A";587249974
"1592";"GENE-4270_242";"chr7A";592585602
"1593";"wsnp_Ra_c40910_48252997";"chr7A";597726092
"1594";"wsnp_RFL_Contig1510_707132";"chr7A";598682800
"1595";"Ex_c7397_545";"chr7A";598683110
"1596";"Ex_c7397_535";"chr7A";598683120
"1597";"Excalibur_rep_c79404_164";"chr7A";598683580
"1598";"wsnp_Ex_c1482_2834254";"chr7A";599333457
"1599";"wsnp_Ex_c1482_2835474";"chr7A";599336465
"1600";"wsnp_Ex_c6059_10615895";"chr7A";599364299
"1601";"wsnp_Ra_c16813_25556454";"chr7A";600982250
"1602";"TA005578-0927";"chr7A";604620635
"1603";"BS00035807_51";"chr7A";604756468
"1604";"BS00059928_51";"chr7A";605590060
"1605";"BS00075525_51";"chr7A";606081784
"1606";"wsnp_Ex_c8614_14453388";"chr7A";608297993
"1607";"wsnp_Ex_rep_c68405_67220388";"chr7A";610070466
"1608";"Ra_c72413_1987";"chr7A";610070856
"1609";"wsnp_Ex_c38981_46383475";"chr7A";610715364
"1610";"wsnp_Ex_c19582_28564743";"chr7A";611247295
"1611";"wsnp_Ex_c19005_27918129";"chr7A";611514975
"1612";"BS00044260_51";"chr7A";611515954
"1613";"Ku_c5901_1487";"chr7A";611909139
"1614";"RAC875_c13696_226";"chr7A";613241025
"1615";"BS00092631_51";"chr7A";613484154
"1616";"Kukri_c6676_172";"chr7A";613488811
"1617";"Kukri_c16922_106";"chr7A";615341146
"1618";"CAP7_c1522_255";"chr7A";619318726
"1619";"wsnp_CAP11_c827_513472";"chr7A";619598078
"1620";"Ku_c2990_1997";"chr7A";623951492
"1621";"CAP8_c3496_118";"chr7A";628258831
"1622";"wsnp_Ex_c15341_23592177";"chr7A";637162608
"1623";"wsnp_Ex_c15341_23592075";"chr7A";637162710
"1624";"wsnp_JD_c5102_6225151";"chr7A";645455423
"1625";"RAC875_c35723_106";"chr7A";659821504
"1626";"RAC875_c43295_135";"chr7A";663534731
"1627";"Excalibur_c14451_389";"chr7A";673729628
"1628";"tplb0045p11_893";"chr7A";673763752
"1629";"RAC875_c24411_889";"chr7A";677625516
"1630";"wsnp_Ex_c9428_15641609";"chr7A";677736623
"1631";"IAAV5268";"chr7A";682233957
"1632";"RAC875_rep_c119304_226";"chr7A";692358395
"1633";"wsnp_Ku_c44760_51961180";"chr7A";692637444
"1634";"BS00065529_51";"chr7A";692955614
"1635";"BobWhite_c19346_434";"chr7A";696459217
"1636";"Tdurum_contig43216_852";"chr7A";705563849
"1637";"Tdurum_contig61864_1352";"chr7A";705594059
"1638";"JD_c1314_1184";"chr7A";711613052
"1639";"BS00081057_51";"chr7A";712784880
"1640";"Kukri_c28968_130";"chr7A";720270650
"1641";"wsnp_Ra_c7112_12318340";"chr7A";720981510
"1642";"Tdurum_contig12454_585";"chr7A";723972206
"1643";"Tdurum_contig59633_56";"chr7A";723980490
"1644";"BS00010677_51";"chr7A";723986356
"1645";"RAC875_c90330_82";"chr7A";725491311
"1646";"RFL_Contig2814_385";"chr7A";737730734
"1647";"Tdurum_contig45618_1089";"chr7A";737884396
"1648";"RAC875_c18550_228";"chr7A";737885505
"1649";"Tdurum_contig28435_107";"chr7A";738022186
"1650";"Excalibur_c8486_419";"chr7B";16481
"1651";"GENE-2935_114";"chr7B";2281105
"1652";"RFL_Contig6075_1128";"chr7B";2885702
"1653";"RAC875_rep_c78258_214";"chr7B";3383560
"1654";"Tdurum_contig25857_274";"chr7B";3822839
"1655";"Kukri_c41117_824";"chr7B";3832150
"1656";"Tdurum_contig98005_272";"chr7B";4662572
"1657";"Tdurum_contig85266_280";"chr7B";5558560
"1658";"Ra_c39042_935";"chr7B";12171340
"1659";"BS00021952_51";"chr7B";43286870
"1660";"GENE-4376_439";"chr7B";43290208
"1661";"RAC875_c30123_913";"chr7B";79041916
"1662";"Excalibur_c32859_652";"chr7B";87150682
"1663";"GENE-4507_56";"chr7B";130466305
"1664";"GENE-4507_113";"chr7B";130466358
"1665";"wsnp_Ex_rep_c66351_64532511";"chr7B";130480340
"1666";"wsnp_Ra_c31052_40235870";"chr7B";130634075
"1667";"wsnp_Ex_rep_c69954_68913284";"chr7B";130634178
"1668";"wsnp_Ex_c27666_36847022";"chr7B";130636566
"1669";"Tdurum_contig50984_599";"chr7B";429421995
"1670";"Tdurum_contig54532_206";"chr7B";440575969
"1671";"wsnp_Ex_c65605_63952614";"chr7B";454540269
"1672";"Tdurum_contig48695_527";"chr7B";460005311
"1673";"wsnp_Ku_c19037_28455905";"chr7B";460023036
"1674";"Tdurum_contig81318_116";"chr7B";470087643
"1675";"Excalibur_c17078_400";"chr7B";470612372
"1676";"RFL_Contig3306_194";"chr7B";486378939
"1677";"Excalibur_c16687_476";"chr7B";491053428
"1678";"Kukri_c48870_115";"chr7B";491053591
"1679";"BobWhite_rep_c49587_1290";"chr7B";491345170
"1680";"RAC875_rep_c106651_635";"chr7B";532301752
"1681";"Kukri_c34355_722";"chr7B";543184224
"1682";"wsnp_Ex_c10550_17231658";"chr7B";632289892
"1683";"GENE-4624_79";"chr7B";633507557
"1684";"wsnp_Ex_rep_c70700_69597262";"chr7B";634181119
"1685";"RAC875_c24101_284";"chr7B";636880918
"1686";"Tdurum_contig97814_355";"chr7B";648091240
"1687";"BS00022053_51";"chr7B";648696805
"1688";"Kukri_c25451_119";"chr7B";651534868
"1689";"Kukri_c29415_392";"chr7B";651535852
"1690";"RAC875_c45062_305";"chr7B";658493608
"1691";"BobWhite_c9774_101";"chr7B";666983983
"1692";"Tdurum_contig44993_359";"chr7B";670628424
"1693";"Excalibur_c16856_432";"chr7B";685802816
"1694";"Tdurum_contig4658_346";"chr7B";687058202
"1695";"BobWhite_c1802_456";"chr7B";687058274
"1696";"Ra_c21094_506";"chr7B";687836118
"1697";"Kukri_c10430_1138";"chr7B";700204215
"1698";"wsnp_Ex_rep_c68762_67626384";"chr7B";707835747
"1699";"Tdurum_contig17062_665";"chr7B";708306460
"1700";"Excalibur_c7338_563";"chr7B";708309524
"1701";"wsnp_Ex_c1721_3261986";"chr7B";708641818
"1702";"BobWhite_c12048_145";"chr7B";708642117
"1703";"TA005284-0990";"chr7B";712320916
"1704";"CAP7_c2649_283";"chr7B";714646871
"1705";"RAC875_rep_c117259_207";"chr7B";716558650
"1706";"tplb0035h03_1251";"chr7B";717851388
"1707";"BS00040283_51";"chr7B";717910972
"1708";"Excalibur_c4948_454";"chr7B";718170078
"1709";"BobWhite_c4729_243";"chr7B";718253809
"1710";"BS00022810_51";"chr7B";719591810
"1711";"Tdurum_contig8402_460";"chr7B";719763877
"1712";"Tdurum_contig8402_638";"chr7B";719764055
"1713";"Excalibur_c4042_223";"chr7B";724890148
"1714";"BobWhite_c12316_383";"chr7D";7357620
"1715";"Kukri_c20938_270";"chr7D";7986459
"1716";"D_F5XZDLF02H192C_184";"chr7D";9278177
"1717";"Excalibur_c27950_459";"chr7D";54998126
"1718";"BobWhite_c40479_283";"chr7D";59309787
"1719";"BobWhite_rep_c65034_450";"chr7D";90543595
"1720";"RAC875_c13942_2973";"chr7D";94763397
"1721";"Kukri_c20975_765";"chr7D";102982144
"1722";"wsnp_Ex_c4637_8299644";"chr7D";103122012
"1723";"CAP12_c2046_153";"chr7D";104536964
"1724";"D_contig35184_357";"chr7D";105305853
"1725";"RAC875_c4453_2678";"chr7D";105647896
"1726";"Ku_c30772_1151";"chr7D";105649400
"1727";"D_GDEEGVY02FN6KZ_98";"chr7D";105673995
"1728";"wsnp_Ex_c20320_29383733";"chr7D";105679359
"1729";"RAC875_c1863_3196";"chr7D";105679820
"1730";"Kukri_c11890_709";"chr7D";106099353
"1731";"RAC875_c53629_483";"chr7D";144584842
"1732";"wsnp_Ex_c2123_3988735";"chr7D";172976023
"1733";"wsnp_CAP11_c2839_1425826";"chr7D";213831428
"1734";"IAAV7925";"chr7D";255040936
"1735";"wsnp_Ex_c23001_32223579";"chr7D";268178205
"1736";"wsnp_bm138650D_Ta_2_2";"chr7D";268870177
"1737";"IACX7714";"chr7D";389487508
"1738";"wsnp_cd454041D_Ta_2_1";"chr7D";392298332
"1739";"IAAV4133";"chr7D";394409246
"1740";"wsnp_Ex_c6664_11531767";"chr7D";395093667
"1741";"Kukri_rep_c109239_223";"chr7D";396358142
"1742";"wsnp_Ex_rep_c66483_64738995";"chr7D";396358712
"1743";"Kukri_c58234_519";"chr7D";416191413
"1744";"Ex_c8238_637";"chr7D";464338258
"1745";"wsnp_Ex_c17914_26681837";"chr7D";504182022
"1746";"TA001185-0966";"chr7D";519574795
"1747";"RFL_Contig471_835";"chr7D";526524314
"1748";"BS00051607_51";"chr7D";529494695
"1749";"BS00066128_51";"chr7D";531229184
"1750";"wsnp_Ex_c145_285194";"chr7D";533549451
"1751";"Ku_c32426_324";"chr7D";552228822
"1752";"BS00022610_51";"chr7D";553528968
"1753";"RAC875_c16367_81";"chr7D";572091412
"1754";"tplb0049k01_89";"chr7D";573162684
"1755";"Kukri_c22576_148";"chr7D";573744387
"1756";"Excalibur_c7895_385";"chr7D";573803660
"1757";"BobWhite_c11549_468";"chr7D";574260504
"1758";"Kukri_c61816_202";"chr7D";574331477
"1759";"D_contig57690_497";"chr7D";585248188
"1760";"tplb0057p21_1365";"chr7D";585668368
"1761";"Excalibur_c30730_1503";"chr7D";601674848
"1762";"BS00000744_51";"chrUn";2128412
"1763";"BS00086387_51";"chrUn";5306850
"1764";"Ex_c45438_377";"chrUn";35000738
"1765";"IAAV4595";"chrUn";42458587
"1766";"BobWhite_c15849_189";"chrUn";94654791
"1767";"RAC875_c58425_286";"chrUn";208301821
