"Taxa";"Protein";"Predicted_water_absorption";"Milling_yield";"Mixing energy";"Rmax";"Extensibility"
"1";"G1253";12.3032385802071;NA;NA;NA;NA;NA
"2";"G1256";13.3532385802071;NA;NA;NA;NA;NA
"3";"G1259";12.9532385802071;NA;NA;NA;NA;NA
"4";"G1262";12.3532385802071;NA;NA;NA;NA;NA
"5";"G1265";14.4532385802071;NA;NA;NA;NA;NA
"6";"G1247";12.5532385802071;NA;NA;NA;NA;NA
"7";"G1249";12.9032385802071;NA;NA;NA;NA;NA
"8";"G1251";12.8032385802071;NA;NA;NA;NA;NA
"9";"G1254";14.2032385802071;NA;NA;NA;NA;NA
"10";"G1257";14.9532385802071;NA;NA;NA;NA;NA
"11";"G1260";13.1532385802071;NA;NA;NA;NA;NA
"12";"G1263";13.4532385802071;NA;NA;NA;NA;NA
"13";"G1266";13.6532385802071;NA;NA;NA;NA;NA
"14";"G1248";13.4532385802071;NA;NA;NA;NA;NA
"15";"G1250";13.6032385802071;NA;NA;NA;NA;NA
"16";"G1252";12.8032385802071;NA;NA;NA;NA;NA
"17";"G1255";13.3032385802071;NA;NA;NA;NA;NA
"18";"G1258";14.1532385802071;NA;NA;NA;NA;NA
"19";"G1261";14.0532385802071;NA;NA;NA;NA;NA
"20";"G1264";11.6532385802071;NA;NA;NA;NA;NA
"21";"G1267";13.9032385802071;NA;NA;NA;NA;NA
"22";"G1268";14.343537676224;NA;NA;NA;NA;NA
"23";"G1279";13.2032385802071;NA;NA;NA;NA;NA
"24";"G1291";13.2532385802071;NA;NA;NA;NA;NA
"25";"G1303";13.3032385802071;NA;NA;NA;NA;NA
"26";"G1314";12.9032385802071;NA;NA;NA;NA;NA
"27";"G1325";13.6532385802071;NA;NA;NA;NA;NA
"28";"G1337";14.0032385802071;NA;NA;NA;NA;NA
"29";"G1349";14.2532385802071;NA;NA;NA;NA;NA
"30";"G1269";13.7032385802071;NA;NA;NA;NA;NA
"31";"G1280";12.3532385802071;NA;NA;NA;NA;NA
"32";"G1292";12.9032385802071;NA;NA;NA;NA;NA
"33";"G1304";13.9343030661393;NA;NA;NA;NA;NA
"34";"G1315";14.1032385802071;NA;NA;NA;NA;NA
"35";"G1326";13.2032385802071;NA;NA;NA;NA;NA
"36";"G1338";13.4532385802071;NA;NA;NA;NA;NA
"37";"G1350";14.2568710095573;NA;NA;NA;NA;NA
"38";"G1270";13.2032385802071;NA;NA;NA;NA;NA
"39";"G1281";13.1032385802071;NA;NA;NA;NA;NA
"40";"G1293";14.0032385802071;NA;NA;NA;NA;NA
"41";"G1305";12.8532385802071;NA;NA;NA;NA;NA
"42";"G1316";14.2032385802071;NA;NA;NA;NA;NA
"43";"G1327";13.9532385802071;NA;NA;NA;NA;NA
"44";"G1339";13.8032385802071;NA;NA;NA;NA;NA
"45";"G1351";12.7532385802071;NA;NA;NA;NA;NA
"46";"G1271";12.9532385802071;NA;NA;NA;NA;NA
"47";"G1282";13.6972660291023;NA;NA;NA;NA;NA
"48";"G1294";14.3532385802071;NA;NA;NA;NA;NA
"49";"G52";13.5532385802071;NA;NA;NA;NA;NA
"50";"G1328";13.3032385802071;NA;NA;NA;NA;NA
"51";"G1340";13.1532385802071;NA;NA;NA;NA;NA
"52";"G1352";14.1532385802071;NA;NA;NA;NA;NA
"53";"G1272";13.6032385802071;NA;NA;NA;NA;NA
"54";"G1283";13.1032385802071;NA;NA;NA;NA;NA
"55";"G1295";13.9532385802071;NA;NA;NA;NA;NA
"56";"G1306";14.5032385802071;NA;NA;NA;NA;NA
"57";"G1317";13.1032385802071;NA;NA;NA;NA;NA
"58";"G1329";14.2532385802071;NA;NA;NA;NA;NA
"59";"G1341";14.1532385802071;NA;NA;NA;NA;NA
"60";"G1353";13.7032385802071;NA;NA;NA;NA;NA
"61";"G1273";14.8532385802071;NA;NA;NA;NA;NA
"62";"G1284";13.2532385802071;NA;NA;NA;NA;NA
"63";"G1296";13.2032385802071;NA;NA;NA;NA;NA
"64";"G1307";14.2032385802071;NA;NA;NA;NA;NA
"65";"G1318";14.1532385802071;NA;NA;NA;NA;NA
"66";"G1330";12.3532385802071;NA;NA;NA;NA;NA
"67";"G1342";13.6032385802071;NA;NA;NA;NA;NA
"68";"G1354";12.8032385802071;NA;NA;NA;NA;NA
"69";"G1274";13.0532385802071;NA;NA;NA;NA;NA
"70";"G1285";15.6032385802071;NA;NA;NA;NA;NA
"71";"G1297";13.9532385802071;NA;NA;NA;NA;NA
"72";"G1308";13.6032385802071;NA;NA;NA;NA;NA
"73";"G1319";13.2032385802071;NA;NA;NA;NA;NA
"74";"G1331";14.5032385802071;NA;NA;NA;NA;NA
"75";"G1343";13.0032385802071;NA;NA;NA;NA;NA
"76";"G1355";13.3032385802071;NA;NA;NA;NA;NA
"77";"G1275";12.8032385802071;NA;NA;NA;NA;NA
"78";"G1286";13.5532385802071;NA;NA;NA;NA;NA
"79";"G1298";13.5532385802071;NA;NA;NA;NA;NA
"80";"G1309";13.8532385802071;NA;NA;NA;NA;NA
"81";"G1320";12.9032385802071;NA;NA;NA;NA;NA
"82";"G1332";15.1032385802071;NA;NA;NA;NA;NA
"83";"G1344";15.1032385802071;NA;NA;NA;NA;NA
"84";"G1356";13.5032385802071;NA;NA;NA;NA;NA
"85";"G1276";12.4532385802071;NA;NA;NA;NA;NA
"86";"G1287";13.5032385802071;NA;NA;NA;NA;NA
"87";"G1299";14.7532385802071;NA;NA;NA;NA;NA
"88";"G1310";13.7532385802071;NA;NA;NA;NA;NA
"89";"G1321";14.0032385802071;NA;NA;NA;NA;NA
"90";"G1333";13.2032385802071;NA;NA;NA;NA;NA
"91";"G1345";12.2532385802071;NA;NA;NA;NA;NA
"92";"G1357";13.0532385802071;NA;NA;NA;NA;NA
"93";"G1288";13.1032385802071;NA;NA;NA;NA;NA
"94";"G1300";13.4532385802071;NA;NA;NA;NA;NA
"95";"G1311";13.0032385802071;NA;NA;NA;NA;NA
"96";"G1322";14.6032385802071;NA;NA;NA;NA;NA
"97";"G1334";13.0532385802071;NA;NA;NA;NA;NA
"98";"G1346";12.5532385802071;NA;NA;NA;NA;NA
"99";"G1358";13.5032385802071;NA;NA;NA;NA;NA
"100";"G77";14.2157802791187;65.502;74.6768372093023;7.54;242;20.05
"101";"G7";15.4431530880966;NA;NA;NA;NA;NA
"102";"G62";13.9704822199347;NA;NA;NA;NA;NA
"103";"G70";14.1454822199347;NA;NA;NA;NA;NA
"104";"G83";13.1204822199347;NA;NA;NA;NA;NA
"105";"G53";14.2204822199347;NA;NA;NA;NA;NA
"106";"G56";12.9454822199347;NA;NA;NA;NA;NA
"107";"G60";13.5954822199347;NA;NA;NA;NA;NA
"108";"G63";13.8454822199347;NA;NA;NA;NA;NA
"109";"G76";13.7701822445051;NA;NA;NA;NA;NA
"110";"G84";14.4451822445051;NA;NA;NA;NA;NA
"111";"G30";14.2306260735133;NA;NA;NA;NA;NA
"112";"G2";16.1431530880966;NA;NA;NA;NA;NA
"113";"G3";16.0681530880966;NA;NA;NA;NA;NA
"114";"G4";15.4181530880967;NA;NA;NA;NA;NA
"115";"G5";14.7431530880966;NA;NA;NA;NA;NA
"116";"G6";16.1431530880966;NA;NA;NA;NA;NA
"117";"G8";16.0681530880966;NA;NA;NA;NA;NA
"118";"G35";13.6806260735133;NA;NA;NA;NA;NA
"119";"G45";14.4306260735133;NA;NA;NA;NA;NA
"120";"G13";14.5806260735133;NA;NA;NA;NA;NA
"121";"G18";13.2806260735133;NA;NA;NA;NA;NA
"122";"G25";13.7806260735133;NA;NA;NA;NA;NA
"123";"G31";13.6056260735133;NA;NA;NA;NA;NA
"124";"G36";13.4056260735133;NA;NA;NA;NA;NA
"125";"G46";15.2556260735133;NA;NA;NA;NA;NA
"126";"G19";15.1806260735133;NA;NA;NA;NA;NA
"127";"G37";14.5056260735133;NA;NA;NA;NA;NA
"128";"G40";14.1806260735133;NA;NA;NA;NA;NA
"129";"G20";13.9306260735133;NA;NA;NA;NA;NA
"130";"G26";13.1806260735133;NA;NA;NA;NA;NA
"131";"G38";13.8306260735133;NA;NA;NA;NA;NA
"132";"G21";14.1056260735133;NA;NA;NA;NA;NA
"133";"G27";14.2056260735133;NA;NA;NA;NA;NA
"134";"G47";14.0556260735133;NA;NA;NA;NA;NA
"135";"G14";13.6056260735133;NA;NA;NA;NA;NA
"136";"G22";13.4556260735133;NA;NA;NA;NA;NA
"137";"G28";13.7806260735133;NA;NA;NA;NA;NA
"138";"G32";14.2806260735133;NA;NA;NA;NA;NA
"139";"G41";13.5806260735133;NA;NA;NA;NA;NA
"140";"G15";14.0056260735133;NA;NA;NA;NA;NA
"141";"G33";13.9306260735133;NA;NA;NA;NA;NA
"142";"G42";13.7306260735133;NA;NA;NA;NA;NA
"143";"G43";12.9056260735133;NA;NA;NA;NA;NA
"144";"G11";12.8056260735133;NA;NA;NA;NA;NA
"145";"G48";13.9306260735133;NA;NA;NA;NA;NA
"146";"G16";14.7556260735133;NA;NA;NA;NA;NA
"147";"G23";14.7056260735133;NA;NA;NA;NA;NA
"148";"G29";14.4056260735133;NA;NA;NA;NA;NA
"149";"G34";14.6056260735133;NA;NA;NA;NA;NA
"150";"G39";14.9056260735133;NA;NA;NA;NA;NA
"151";"G44";14.4306260735133;NA;NA;NA;NA;NA
"152";"G49";14.5056260735133;NA;NA;NA;NA;NA
"153";"G51";15.0201822445051;NA;NA;NA;NA;NA
"154";"G9";14.7431530880966;NA;NA;NA;NA;NA
"155";"G12";15.0181530880966;NA;NA;NA;NA;NA
"156";"G17";14.4431530880966;NA;NA;NA;NA;NA
"157";"G54";13.3556260735133;NA;NA;NA;NA;NA
"158";"G66";13.4337305578867;NA;NA;NA;NA;NA
"159";"G67";14.2337305578867;NA;NA;NA;NA;NA
"160";"G74";13.5837305578867;NA;NA;NA;NA;NA
"161";"G1277";15.2226450753985;64.7658;78.4156496636022;NA;NA;18.75
"162";"G1289";15.1893117420652;60.4218;77.5125148481249;NA;NA;19.6
"163";"G1301";14.1893117420652;60.4218;79.0850714034385;NA;NA;15.2
"164";"G1312";16.1893117420652;66.2138;77.65;NA;NA;18.15
"165";"G1323";14.6226450753985;61.5802;77.4;NA;NA;19.3
"166";"G1335";14.7559784087319;63.0282;78.5;NA;NA;17.8
"167";"G1347";15.9226450753985;66.793;77.9;NA;NA;19.5
"168";"G1359";15.5226450753985;67.6618;78.6646586345382;NA;NA;18.35
"169";"G1278";14.0559784087319;58.3946;77.8616985565626;NA;NA;20.85
"170";"G1290";14.5226450753985;64.4762;78.2380158541149;NA;NA;18.5
"171";"G1302";16.1559784087319;67.3722;77.8280542986425;NA;NA;18.05
"172";"G1313";15.7226450753985;65.6346;78.0205649038765;NA;NA;18.45
"173";"G1324";15.3893117420652;62.1594;77.0178638447073;NA;NA;19.15
"174";"G1336";15.7559784087319;61.2906;77.2132796780684;NA;NA;20.55
"175";"G1348";14.3226450753985;65.9242;76.55;NA;NA;19.55
"176";"G1360";15.7893117420652;63.3178;77.7;NA;NA;20.4
"177";"G1361";14.4226450753985;64.1866;77.65;NA;NA;20.15
"178";"G1372";14.5559784087319;64.7658;77.3;NA;NA;18.2
"179";"G1383";14.3226450753985;65.345;78.05;NA;NA;18.75
"180";"G1395";14.9226450753985;64.4762;78.1;NA;NA;19.2
"181";"G1407";14.9893117420652;65.6346;77.2;NA;NA;18.4
"182";"G1419";14.7226450753985;61.001;76.85;NA;NA;17.3
"183";"G1431";14.7559784087319;62.7386;77.4314268332244;NA;NA;21.6
"184";"G1443";15.8559784087319;61.2906;76.9327125098568;NA;NA;18.5
"185";"G1362";15.3226450753985;63.6074;77.495567925182;NA;NA;21.55
"186";"G1373";15.3893117420652;63.897;77.0890889196525;NA;NA;22.9
"187";"G1384";14.8559784087319;61.001;76.8823642817451;NA;NA;21.3
"188";"G1396";14.8559784087319;61.8698;76.9037368845232;NA;NA;17.1
"189";"G1408";15.5226450753985;65.9242;77.3838335253092;NA;NA;17.6
"190";"G1420";14.8559784087319;60.7114;77.8278521942756;NA;NA;20.2
"191";"G1432";15.3559784087319;61.2906;77.7665939719286;NA;NA;19.5
"192";"G1444";15.2226450753985;62.449;77.3059375843206;NA;NA;21.3
"193";"G1363";15.6559784087319;64.4762;77.9230308952761;NA;NA;18.3
"194";"G1374";14.7893117420652;59.2634;76.1940739916888;NA;NA;17.55
"195";"G1385";14.9226450753985;62.1594;76.7725578567808;NA;NA;19.95
"196";"G1397";14.1893117420652;58.9738;77.3504342638747;NA;NA;23.55
"197";"G1409";14.1893117420652;60.4218;76.2264199186058;NA;NA;17.7
"198";"G1421";14.0559784087319;58.3946;75.8;NA;NA;17.4
"199";"G1433";16.7893117420652;65.6346;76.6;NA;NA;18.25
"200";"G1445";15.7559784087319;63.6074;75.15;NA;NA;21.55
"201";"G1364";15.2226450753985;65.345;77.35;NA;NA;19.85
"202";"G1375";14.8226450753985;63.3178;78.1;NA;NA;18.7
"203";"G1386";14.5893117420652;63.3178;76.9;NA;NA;19.3
"204";"G1398";14.9226450753985;63.6074;76.45;NA;NA;17.75
"205";"G1410";15.0893117420652;66.793;77.5765479130167;NA;NA;17.05
"206";"G1422";14.0861224939632;63.6074;78.2477793313972;NA;NA;17.15
"207";"G1434";14.8893117420652;63.3178;76.0814889336016;NA;NA;17.05
"208";"G1446";14.4893117420652;61.8698;76.9559986997982;NA;NA;18.55
"209";"G1365";14.8559784087319;63.6074;75.2700418636261;NA;NA;19.8
"210";"G1376";14.8146939225346;64.1866;75.3585619510514;NA;NA;17.8
"211";"G1387";14.9559784087319;61.2906;75.685194973357;NA;NA;18.95
"212";"G1399";15.2559784087319;63.897;75.75;NA;NA;16.5
"213";"G1411";16.0226450753985;65.0554;75.5;NA;NA;17.25
"214";"G1423";14.4893117420652;57.2362;76.1;NA;NA;17.3
"215";"G1435";15.9559784087319;65.345;75.7;NA;NA;16.1
"216";"G1447";15.4226450753985;63.3178;75.3;NA;NA;18.05
"217";"G1366";15.1226450753986;61.8698;75.55;NA;NA;21.05
"218";"G1377";14.7893117420652;63.897;75.45;NA;NA;16.5
"219";"G1388";14.4893117420652;59.2634;75.85;NA;NA;16.15
"220";"G1400";16.8226450753985;73.1642;74.0811841365132;NA;NA;18.4
"221";"G1412";15.0559784087319;63.0282;75.7925701236624;NA;NA;16.75
"222";"G1424";13.8893117420652;55.7882;75.5348334161982;NA;NA;18.6
"223";"G1436";13.6893117420652;61.5802;77.1241772241489;NA;NA;17
"224";"G1448";14.1226450753985;57.2362;75.5465992607583;NA;NA;16.7
"225";"G1367";13.3559784087319;58.105;77.1995977878331;NA;NA;17.85
"226";"G1378";14.8893117420652;60.7114;75.4769076305221;NA;NA;19.4
"227";"G1389";13.3893117420652;58.3946;75.2890458327857;NA;NA;19.1
"228";"G1401";13.2893117420652;58.9738;77.635149092846;NA;NA;16.3
"229";"G1413";15.9559784087319;63.0282;75.9608312784414;NA;NA;19.1
"230";"G1425";15.2226450753985;61.8698;76.3686151641743;NA;NA;17.6
"231";"G1437";13.4432653511061;59.553;76.4438494309868;NA;NA;18.1
"232";"G1449";14.9893117420652;60.7114;75.6464708658845;NA;NA;19.1
"233";"G1368";13.7559784087319;62.1594;76.8090014921344;NA;NA;20.1
"234";"G1379";13.9226450753985;60.4218;75.678391959799;NA;NA;19.6
"235";"G1390";14.3004082082489;61.001;77.3902193773687;NA;NA;20.65
"236";"G1402";14.6226450753985;63.6074;76.9038000459815;NA;NA;17.35
"237";"G1414";15.7226450753985;63.3178;76.1808732559464;NA;NA;19.75
"238";"G1426";15.8226450753985;67.3722;76.777921954552;NA;NA;18.6
"239";"G1438";15.5226450753985;64.4762;76.7593273678052;NA;NA;19.2
"240";"G1450";15.5559784087319;66.5034;75.9096475765821;NA;NA;21.9
"241";"G1369";14.7559784087319;67.3722;76.8730803462082;NA;NA;18.4
"242";"G1380";14.8893117420652;66.2138;78.0316141512307;NA;NA;19.9
"243";"G1391";14.6226450753985;65.6346;77.0775467515466;NA;NA;17.9
"244";"G1403";13.9559784087319;60.4218;76.9655787728194;NA;NA;19.3
"245";"G1415";14.0559784087319;60.4218;75.4584322920479;NA;NA;17.4
"246";"G1427";14.9893117420652;63.897;76.9231469217314;NA;NA;19
"247";"G1439";14.9893117420652;63.897;76.3504527447651;NA;NA;17.1
"248";"G1451";15.3226450753985;63.0282;77.8585757271815;NA;NA;18.8
"249";"G1370";13.9861224939632;61.2906;77.1163462295638;NA;NA;19.85
"250";"G1392";15.6226450753985;61.8698;76.3;NA;NA;20.4
"251";"G1404";15.1893117420652;61.2906;77.29;NA;NA;21.25
"252";"G1416";15.9559784087319;63.3178;75.955;NA;NA;17.9
"253";"G1428";13.5893117420652;61.2906;77.54;NA;NA;18.5
"254";"G1440";15.4559784087319;62.7386;77.895;NA;NA;18.85
"255";"G1452";14.8893117420652;62.449;77.9;NA;NA;23.05
"256";"G1371";13.5893117420652;60.7114;76.755;NA;NA;17.5
"257";"G1381";14.4226450753985;56.9466;75.74;NA;NA;16.55
"258";"G1393";14.8559784087319;64.1866;77.8532501541915;NA;NA;18.7
"259";"G1405";14.3861224939632;63.6074;76.9289013841967;NA;NA;19.05
"260";"G1417";14.7226450753985;64.1866;77.1764822094343;NA;NA;19.8
"261";"G1429";14.5893117420652;59.2634;77.344776221318;NA;NA;19.35
"262";"G1441";15.2226450753985;63.0282;76.6599066074413;NA;NA;15.95
"263";"G1453";15.2559784087319;64.7658;77.5852935691497;NA;NA;18.4
"264";"G71";14.1226450753985;58.105;76.9791390335286;NA;NA;20.15
"265";"G1382";15.6226450753985;65.345;76.1821244828439;NA;NA;18.55
"266";"G1394";16.3559784087319;63.897;76.679050162652;NA;NA;18.5
"267";"G1406";15.4226450753985;62.1594;76.798145950955;NA;NA;19.2
"268";"G1418";14.6559784087319;63.6074;77.4534923539221;NA;NA;21.15
"269";"G1430";14.6893117420652;61.8698;77.5961449946537;NA;NA;19
"270";"G1442";15.5226450753985;63.897;77.7330720975415;NA;NA;18.7
"271";"G1454";15.0559784087319;58.9738;76.7027065948142;NA;NA;19.8
"272";"G78";14.3861405018358;NA;NA;NA;NA;NA
"273";"G80";13.0087305578867;NA;NA;NA;NA;NA
"274";"G58";12.6837305578867;NA;NA;NA;NA;NA
"275";"G68";13.6587305578867;NA;NA;NA;NA;NA
"276";"G81";14.0337305578867;NA;NA;NA;NA;NA
"277";"G55";13.8087305578867;NA;NA;NA;NA;NA
"278";"G59";13.5337305578867;NA;NA;NA;NA;NA
"279";"G69";13.1337305578867;NA;NA;NA;NA;NA
"280";"G75";12.6837305578867;NA;NA;NA;NA;NA
"281";"G82";12.7587305578867;NA;NA;NA;NA;NA
"282";"G50";13.9337305578867;NA;NA;NA;NA;NA
"283";"G10";13.9931530880966;NA;NA;NA;NA;NA
"284";"G24";14.8181530880966;NA;NA;NA;NA;NA
"285";"G295";14.0468173299522;NA;NA;NA;NA;NA
"286";"G306";13.7468173299523;NA;NA;NA;NA;NA
"287";"G318";13.6468173299522;NA;NA;NA;NA;NA
"288";"G776";14.1468173299522;NA;NA;NA;NA;NA
"289";"G773";13.7801506632856;NA;NA;NA;NA;NA
"290";"G330";13.4801506632856;NA;NA;NA;NA;NA
"291";"G342";14.0468173299522;NA;NA;NA;NA;NA
"292";"G354";14.1134839966189;NA;NA;NA;NA;NA
"293";"G366";13.6468173299522;NA;NA;NA;NA;NA
"294";"G777";13.9801506632856;NA;NA;NA;NA;NA
"295";"G780";14.0134839966189;NA;NA;NA;NA;NA
"296";"G378";14.1134839966189;NA;NA;NA;NA;NA
"297";"G296";14.5468173299523;NA;NA;NA;NA;NA
"298";"G307";13.9468173299523;NA;NA;NA;NA;NA
"299";"G767";13.9468173299523;NA;NA;NA;NA;NA
"300";"G319";13.5801506632856;NA;NA;NA;NA;NA
"301";"G331";13.7468173299523;NA;NA;NA;NA;NA
"302";"G781";13.7468173299522;NA;NA;NA;NA;NA
"303";"G771";12.6468173299523;NA;NA;NA;NA;NA
"304";"G343";14.2801506632856;NA;NA;NA;NA;NA
"305";"G355";13.6468173299523;NA;NA;NA;NA;NA
"306";"G367";13.9134839966189;NA;NA;NA;NA;NA
"307";"G379";13.6801506632856;NA;NA;NA;NA;NA
"308";"G782";13.5801506632856;NA;NA;NA;NA;NA
"309";"G297";14.0801506632856;NA;NA;NA;NA;NA
"310";"G774";13.6468173299523;NA;NA;NA;NA;NA
"311";"G308";14.1134839966189;NA;NA;NA;NA;NA
"312";"G784";13.9468173299523;NA;NA;NA;NA;NA
"313";"G320";14.2134839966189;NA;NA;NA;NA;NA
"314";"G332";14.0134839966189;NA;NA;NA;NA;NA
"315";"G344";13.8801506632856;NA;NA;NA;NA;NA
"316";"G356";14.1801506632856;NA;NA;NA;NA;NA
"317";"G368";13.6134839966189;NA;NA;NA;NA;NA
"318";"G768";13.8134839966189;NA;NA;NA;NA;NA
"319";"G380";14.1134839966189;NA;NA;NA;NA;NA
"320";"G298";13.9468173299523;NA;NA;NA;NA;NA
"321";"G775";12.8801506632856;NA;NA;NA;NA;NA
"322";"G778";13.1134839966189;NA;NA;NA;NA;NA
"323";"G785";13.0468173299522;NA;NA;NA;NA;NA
"324";"G309";14.2134839966189;NA;NA;NA;NA;NA
"325";"G321";13.6468173299523;NA;NA;NA;NA;NA
"326";"G779";14.0468173299523;NA;NA;NA;NA;NA
"327";"G769";13.213483996619;NA;NA;NA;NA;NA
"328";"G770";13.3801506632856;NA;NA;NA;NA;NA
"329";"G772";13.8134839966189;NA;NA;NA;NA;NA
"330";"G333";13.5801506632856;NA;NA;NA;NA;NA
"331";"G783";13.9468173299522;NA;NA;NA;NA;NA
"332";"G786";13.7801506632856;NA;NA;NA;NA;NA
"333";"G345";13.9801506632856;NA;NA;NA;NA;NA
"334";"G357";13.6468173299522;NA;NA;NA;NA;NA
"335";"G369";13.6801506632856;NA;NA;NA;NA;NA
"336";"G381";13.5468173299522;NA;NA;NA;NA;NA
"337";"G105";13.9102294960786;66.1547;74.9826511627907;11.51;518.5;19
"338";"G106";13.8102294960786;66.1547;73.851488372093;9.255;388;18.45
"339";"G107";13.8102294960786;66.1547;74.0231162790698;9.26;337.5;20.9
"340";"G119";14.3102294960786;65.82835;75.5427558139535;6.795;296.5;21.65
"341";"G131";13.9352294960785;63.87025;73.8139534883721;9.055;407;19.85
"342";"G143";14.3102294960786;67.13375;74.6076279069767;9.455;370;21.4
"343";"G155";14.0602294960786;63.5439;73.4970058139535;11.61;510.5;20
"344";"G167";14.3602294960786;67.13375;74.8168604651163;8.98;394.5;22.6
"345";"G179";14.0352294960786;63.87025;75.1547209302326;8.92;527;19.1
"346";"G189";14.4102294960786;65.17565;74.6076279069767;10.625;430.5;19.5
"347";"G299";13.7134839966189;NA;NA;NA;NA;NA
"348";"G310";13.9468173299522;NA;NA;NA;NA;NA
"349";"G322";13.6134839966189;NA;NA;NA;NA;NA
"350";"G334";14.0801506632856;NA;NA;NA;NA;NA
"351";"G346";13.9801506632856;NA;NA;NA;NA;NA
"352";"G358";13.7801506632856;NA;NA;NA;NA;NA
"353";"G796";14.3468173299522;NA;NA;NA;NA;NA
"354";"G370";13.4801506632856;NA;NA;NA;NA;NA
"355";"G787";13.1801506632856;NA;NA;NA;NA;NA
"356";"G792";13.8468173299522;NA;NA;NA;NA;NA
"357";"G382";13.8468173299523;NA;NA;NA;NA;NA
"358";"G311";14.3468173299523;NA;NA;NA;NA;NA
"359";"G323";13.4134839966189;NA;NA;NA;NA;NA
"360";"G788";13.5801506632856;NA;NA;NA;NA;NA
"361";"G793";14.1468173299523;NA;NA;NA;NA;NA
"362";"G335";13.7134839966189;NA;NA;NA;NA;NA
"363";"G801";13.2468173299522;NA;NA;NA;NA;NA
"364";"G347";13.9468173299523;NA;NA;NA;NA;NA
"365";"G359";13.4801506632856;NA;NA;NA;NA;NA
"366";"G797";14.0468173299522;NA;NA;NA;NA;NA
"367";"G802";14.0801506632856;NA;NA;NA;NA;NA
"368";"G805";14.5134839966189;NA;NA;NA;NA;NA
"369";"G371";13.6801506632856;NA;NA;NA;NA;NA
"370";"G383";13.9468173299523;NA;NA;NA;NA;NA
"371";"G789";12.8801506632856;NA;NA;NA;NA;NA
"372";"G300";14.6134839966189;NA;NA;NA;NA;NA
"373";"G800";13.5468173299522;NA;NA;NA;NA;NA
"374";"G312";13.5468173299522;NA;NA;NA;NA;NA
"375";"G806";13.6134839966189;NA;NA;NA;NA;NA
"376";"G790";13.258545203387;NA;NA;NA;NA;NA
"377";"G324";13.5134839966189;NA;NA;NA;NA;NA
"378";"G336";14.3134839966189;NA;NA;NA;NA;NA
"379";"G795";14.2468173299522;NA;NA;NA;NA;NA
"380";"G803";13.5468173299522;NA;NA;NA;NA;NA
"381";"G791";14.4468173299523;NA;NA;NA;NA;NA
"382";"G794";13.3468173299523;NA;NA;NA;NA;NA
"383";"G798";14.3468173299522;NA;NA;NA;NA;NA
"384";"G348";14.0468173299522;NA;NA;NA;NA;NA
"385";"G360";14.2134839966189;NA;NA;NA;NA;NA
"386";"G372";13.6801506632856;NA;NA;NA;NA;NA
"387";"G384";13.6468173299522;NA;NA;NA;NA;NA
"388";"G301";14.2134839966189;NA;NA;NA;NA;NA
"389";"G108";14.3801506632856;66.8074;74.7598837209302;13.92;595.5;19.8
"390";"G120";15.1852294960786;69.74455;73.921511627907;9.435;455;23.3
"391";"G132";14.4602294960786;66.1547;74.2550930232558;8.905;399;20.8
"392";"G144";14.3852294960786;67.4601;74.2308197674419;12.395;500;18.95
"393";"G156";14.4602294960786;69.4182;75.1417325581395;9.155;392;18.75
"394";"G168";14.5602294960786;66.8074;74.0231162790698;11.62;585.5;19.15
"395";"G190";14.3102294960786;67.13375;75.9200581395349;9.225;398;19.15
"396";"G109";14.7602294960786;69.09185;75.5753488372093;11.22;463.5;20.45
"397";"G121";14.3602294960784;68.1128;75.3205290697674;9.68;424;18.9
"398";"G133";13.9102294960785;64.1966;75.8320348837209;14.11;677.5;19.6
"399";"G313";13.6468173299522;NA;NA;NA;NA;NA
"400";"G325";14.2134839966189;NA;NA;NA;NA;NA
"401";"G799";14.0134839966189;NA;NA;NA;NA;NA
"402";"G804";13.9134839966189;NA;NA;NA;NA;NA
"403";"G337";13.5134839966189;NA;NA;NA;NA;NA
"404";"G349";13.6468173299523;NA;NA;NA;NA;NA
"405";"G361";14.1468173299523;NA;NA;NA;NA;NA
"406";"G373";14.0468173299523;NA;NA;NA;NA;NA
"407";"G385";13.5801506632855;NA;NA;NA;NA;NA
"408";"G302";13.8134839966189;NA;NA;NA;NA;NA
"409";"G314";13.3134839966189;NA;NA;NA;NA;NA
"410";"G326";13.9801506632856;NA;NA;NA;NA;NA
"411";"G822";14.0468173299522;NA;NA;NA;NA;NA
"412";"G338";13.8468173299522;NA;NA;NA;NA;NA
"413";"G350";14.1801506632856;NA;NA;NA;NA;NA
"414";"G362";14.4468173299522;NA;NA;NA;NA;NA
"415";"G374";14.0468173299522;NA;NA;NA;NA;NA
"416";"G386";14.2134839966189;NA;NA;NA;NA;NA
"417";"G303";13.8468173299523;NA;NA;NA;NA;NA
"418";"G812";14.9468173299522;NA;NA;NA;NA;NA
"419";"G315";14.0134839966189;NA;NA;NA;NA;NA
"420";"G327";14.3468173299522;NA;NA;NA;NA;NA
"421";"G339";13.9134839966189;NA;NA;NA;NA;NA
"422";"G823";14.3801506632856;NA;NA;NA;NA;NA
"423";"G351";14.2801506632856;NA;NA;NA;NA;NA
"424";"G363";13.8468173299523;NA;NA;NA;NA;NA
"425";"G375";14.7801506632856;NA;NA;NA;NA;NA
"426";"G387";14.0468173299522;NA;NA;NA;NA;NA
"427";"G813";13.6134839966189;NA;NA;NA;NA;NA
"428";"G304";13.6468173299522;NA;NA;NA;NA;NA
"429";"G316";14.008545203387;NA;NA;NA;NA;NA
"430";"G817";13.2468173299523;NA;NA;NA;NA;NA
"431";"G807";13.4801506632856;NA;NA;NA;NA;NA
"432";"G809";13.9801506632855;NA;NA;NA;NA;NA
"433";"G328";14.2585452033869;NA;NA;NA;NA;NA
"434";"G340";13.9801506632856;NA;NA;NA;NA;NA
"435";"G352";13.9801506632856;NA;NA;NA;NA;NA
"436";"G364";14.4801506632856;NA;NA;NA;NA;NA
"437";"G376";14.0468173299523;NA;NA;NA;NA;NA
"438";"G818";14.8801506632856;NA;NA;NA;NA;NA
"439";"G388";13.8468173299523;NA;NA;NA;NA;NA
"440";"G810";14.3468173299522;NA;NA;NA;NA;NA
"441";"G305";14.6468173299523;NA;NA;NA;NA;NA
"442";"G814";14.2468173299522;NA;NA;NA;NA;NA
"443";"G317";13.8468173299522;NA;NA;NA;NA;NA
"444";"G815";13.1134839966189;NA;NA;NA;NA;NA
"445";"G329";14.1468173299523;NA;NA;NA;NA;NA
"446";"G341";13.9801506632856;NA;NA;NA;NA;NA
"447";"G353";13.9801506632856;NA;NA;NA;NA;NA
"448";"G365";14.8801506632856;NA;NA;NA;NA;NA
"449";"G377";14.6134839966189;NA;NA;NA;NA;NA
"450";"G389";13.7134839966189;NA;NA;NA;NA;NA
"451";"G390";13.8468173299523;NA;NA;NA;NA;NA
"452";"G402";14.3134839966189;NA;NA;NA;NA;NA
"453";"G413";14.0134839966189;NA;NA;NA;NA;NA
"454";"G436";13.9134839966189;NA;NA;NA;NA;NA
"455";"G816";13.1801506632856;NA;NA;NA;NA;NA
"456";"G819";14.1134839966189;NA;NA;NA;NA;NA
"457";"G811";14.0134839966189;NA;NA;NA;NA;NA
"458";"G447";13.6468173299523;NA;NA;NA;NA;NA
"459";"G820";12.5134839966189;NA;NA;NA;NA;NA
"460";"G824";13.9801506632855;NA;NA;NA;NA;NA
"461";"G459";13.7801506632855;NA;NA;NA;NA;NA
"462";"G471";13.1468173299522;NA;NA;NA;NA;NA
"463";"G391";13.613483996619;NA;NA;NA;NA;NA
"464";"G826";14.1468173299522;NA;NA;NA;NA;NA
"465";"G808";13.5468173299523;NA;NA;NA;NA;NA
"466";"G403";13.7801506632856;NA;NA;NA;NA;NA
"467";"G414";13.7468173299522;NA;NA;NA;NA;NA
"468";"G425";13.9134839966189;NA;NA;NA;NA;NA
"469";"G821";13.0134839966189;NA;NA;NA;NA;NA
"470";"G825";13.1134839966189;NA;NA;NA;NA;NA
"471";"G827";14.1801506632856;NA;NA;NA;NA;NA
"472";"G437";13.9134839966189;NA;NA;NA;NA;NA
"473";"G448";13.8801506632856;NA;NA;NA;NA;NA
"474";"G460";13.4134839966189;NA;NA;NA;NA;NA
"475";"G472";14.3134839966189;NA;NA;NA;NA;NA
"476";"G392";13.7134839966189;NA;NA;NA;NA;NA
"477";"G404";13.8468173299522;NA;NA;NA;NA;NA
"478";"G833";13.7801506632856;NA;NA;NA;NA;NA
"479";"G415";13.9468173299522;NA;NA;NA;NA;NA
"480";"G426";13.9468173299522;NA;NA;NA;NA;NA
"481";"G438";13.7134839966189;NA;NA;NA;NA;NA
"482";"G449";13.6468173299522;NA;NA;NA;NA;NA
"483";"G461";13.7134839966189;NA;NA;NA;NA;NA
"484";"G837";13.6134839966189;NA;NA;NA;NA;NA
"485";"G841";13.8134839966189;NA;NA;NA;NA;NA
"486";"G473";13.7468173299523;NA;NA;NA;NA;NA
"487";"G842";12.9801506632856;NA;NA;NA;NA;NA
"488";"G393";13.2801506632855;NA;NA;NA;NA;NA
"489";"G405";14.2801506632856;NA;NA;NA;NA;NA
"490";"G416";13.2134839966189;NA;NA;NA;NA;NA
"491";"G145";14.7852294960786;66.48105;74.9783837209302;9.85;346;20.2
"492";"G157";14.5852294960786;70.39725;74.2534651162791;8.75;385;19.85
"493";"G169";14.4602294960786;64.52295;73.1527906976744;8.14;510;21.45
"494";"G180";13.9602294960786;65.17565;74.9345232558139;11.7;483.5;19.55
"495";"G191";14.8102294960786;68.7655;73.8957848837209;8.16;380.5;21.1
"496";"G110";14.0352294960786;65.502;74.8670058139535;9.26;475;20.85
"497";"G122";14.5352294960785;67.78645;74.4156976744186;7.925;349;22.2
"498";"G134";14.2352294960786;66.1547;75.8029186046512;12.56;651;18.7
"499";"G146";15.2102294960786;69.09185;73.3718023255814;9.05;468.5;20.85
"500";"G158";14.1852294960786;63.21755;73.6057325581395;10.805;555;19.5
"501";"G427";13.7134839966189;NA;NA;NA;NA;NA
"502";"G828";13.3801506632856;NA;NA;NA;NA;NA
"503";"G439";13.9134839966189;NA;NA;NA;NA;NA
"504";"G450";13.7468173299522;NA;NA;NA;NA;NA
"505";"G829";13.5468173299522;NA;NA;NA;NA;NA
"506";"G462";14.6468173299523;NA;NA;NA;NA;NA
"507";"G843";13.3468173299522;NA;NA;NA;NA;NA
"508";"G474";13.9468173299522;NA;NA;NA;NA;NA
"509";"G830";14.1801506632856;NA;NA;NA;NA;NA
"510";"G834";13.9468173299523;NA;NA;NA;NA;NA
"511";"G838";13.9801506632856;NA;NA;NA;NA;NA
"512";"G844";13.7801506632856;NA;NA;NA;NA;NA
"513";"G848";13.1801506632855;NA;NA;NA;NA;NA
"514";"G394";13.8134839966189;NA;NA;NA;NA;NA
"515";"G406";13.4468173299523;NA;NA;NA;NA;NA
"516";"G839";14.1134839966189;NA;NA;NA;NA;NA
"517";"G417";13.4134839966189;NA;NA;NA;NA;NA
"518";"G831";13.7468173299523;NA;NA;NA;NA;NA
"519";"G428";13.3134839966189;NA;NA;NA;NA;NA
"520";"G440";14.6134839966189;NA;NA;NA;NA;NA
"521";"G835";13.7468173299523;NA;NA;NA;NA;NA
"522";"G451";13.9801506632856;NA;NA;NA;NA;NA
"523";"G845";14.1134839966189;NA;NA;NA;NA;NA
"524";"G463";14.4134839966189;NA;NA;NA;NA;NA
"525";"G475";13.9468173299522;NA;NA;NA;NA;NA
"526";"G395";14.1468173299523;NA;NA;NA;NA;NA
"527";"G418";13.5801506632856;NA;NA;NA;NA;NA
"528";"G429";13.7134839966189;NA;NA;NA;NA;NA
"529";"G441";13.9134839966189;NA;NA;NA;NA;NA
"530";"G840";13.8801506632856;NA;NA;NA;NA;NA
"531";"G846";13.9468173299522;NA;NA;NA;NA;NA
"532";"G452";13.5468173299522;NA;NA;NA;NA;NA
"533";"G832";13.7134839966189;NA;NA;NA;NA;NA
"534";"G836";13.5134839966189;NA;NA;NA;NA;NA
"535";"G464";13.6801506632856;NA;NA;NA;NA;NA
"536";"G476";14.2134839966189;NA;NA;NA;NA;NA
"537";"G396";13.6134839966189;NA;NA;NA;NA;NA
"538";"G407";13.3801506632856;NA;NA;NA;NA;NA
"539";"G847";13.2468173299523;NA;NA;NA;NA;NA
"540";"G419";13.7468173299522;NA;NA;NA;NA;NA
"541";"G854";13.3468173299522;NA;NA;NA;NA;NA
"542";"G430";13.8468173299522;NA;NA;NA;NA;NA
"543";"G442";13.5801506632856;NA;NA;NA;NA;NA
"544";"G858";13.0134839966189;NA;NA;NA;NA;NA
"545";"G861";14.2468173299522;NA;NA;NA;NA;NA
"546";"G868";13.5801506632856;NA;NA;NA;NA;NA
"547";"G453";13.5134839966189;NA;NA;NA;NA;NA
"548";"G855";12.8468173299522;NA;NA;NA;NA;NA
"549";"G465";13.6468173299523;NA;NA;NA;NA;NA
"550";"G477";14.4134839966189;NA;NA;NA;NA;NA
"551";"G397";13.8801506632856;NA;NA;NA;NA;NA
"552";"G408";13.7468173299523;NA;NA;NA;NA;NA
"553";"G420";14.0134839966189;NA;NA;NA;NA;NA
"554";"G862";13.4801506632856;NA;NA;NA;NA;NA
"555";"G431";13.9468173299523;NA;NA;NA;NA;NA
"556";"G869";14.0801506632856;NA;NA;NA;NA;NA
"557";"G443";14.0468173299523;NA;NA;NA;NA;NA
"558";"G454";13.3801506632856;NA;NA;NA;NA;NA
"559";"G466";13.7468173299522;NA;NA;NA;NA;NA
"560";"G859";13.7468173299522;NA;NA;NA;NA;NA
"561";"G863";13.5801506632856;NA;NA;NA;NA;NA
"562";"G856";13.6801506632856;NA;NA;NA;NA;NA
"563";"G478";13.7801506632856;NA;NA;NA;NA;NA
"564";"G398";13.6801506632856;NA;NA;NA;NA;NA
"565";"G409";14.8468173299523;NA;NA;NA;NA;NA
"566";"G421";13.4468173299523;NA;NA;NA;NA;NA
"567";"G432";13.0468173299522;NA;NA;NA;NA;NA
"568";"G870";13.7801506632856;NA;NA;NA;NA;NA
"569";"G849";13.9801506632856;NA;NA;NA;NA;NA
"570";"G444";13.3134839966189;NA;NA;NA;NA;NA
"571";"G455";13.5468173299523;NA;NA;NA;NA;NA
"572";"G857";13.1468173299522;NA;NA;NA;NA;NA
"573";"G467";13.7468173299522;NA;NA;NA;NA;NA
"574";"G479";13.0134839966189;NA;NA;NA;NA;NA
"575";"G399";14.3134839966189;NA;NA;NA;NA;NA
"576";"G864";13.9468173299523;NA;NA;NA;NA;NA
"577";"G410";13.9468173299522;NA;NA;NA;NA;NA
"578";"G850";13.7801506632856;NA;NA;NA;NA;NA
"579";"G422";13.2468173299522;NA;NA;NA;NA;NA
"580";"G433";13.6134839966189;NA;NA;NA;NA;NA
"581";"G456";13.3468173299523;NA;NA;NA;NA;NA
"582";"G468";14.0468173299522;NA;NA;NA;NA;NA
"583";"G480";13.313483996619;NA;NA;NA;NA;NA
"584";"G400";14.5134839966189;NA;NA;NA;NA;NA
"585";"G411";13.6134839966189;NA;NA;NA;NA;NA
"586";"G423";13.6801506632856;NA;NA;NA;NA;NA
"587";"G851";14.3134839966189;NA;NA;NA;NA;NA
"588";"G434";13.3134839966189;NA;NA;NA;NA;NA
"589";"G445";13.4134839966189;NA;NA;NA;NA;NA
"590";"G852";13.7468173299522;NA;NA;NA;NA;NA
"591";"G457";13.5801506632856;NA;NA;NA;NA;NA
"592";"G469";13.7801506632856;NA;NA;NA;NA;NA
"593";"G481";13.2801506632856;NA;NA;NA;NA;NA
"594";"G401";13.7801506632856;NA;NA;NA;NA;NA
"595";"G860";13.4801506632856;NA;NA;NA;NA;NA
"596";"G412";14.0468173299523;NA;NA;NA;NA;NA
"597";"G424";14.1134839966189;NA;NA;NA;NA;NA
"598";"G865";13.8801506632856;NA;NA;NA;NA;NA
"599";"G853";13.9801506632856;NA;NA;NA;NA;NA
"600";"G435";13.2134839966189;NA;NA;NA;NA;NA
"601";"G446";13.7801506632856;NA;NA;NA;NA;NA
"602";"G170";14.1602294960786;66.1547;75.3350232558139;12.29;565.5;20.15
"603";"G181";14.3852294960786;67.4601;72.9160697674419;11.125;486.5;17.8
"604";"G192";14.6852294960786;68.1128;75.1063081395349;8.34;314;22.15
"605";"G111";14.6852294960786;70.0709;73.0904593023256;10.545;522;19.5
"606";"G123";13.9602294960786;64.1966;75.4138255813953;8.53;390;20.6
"607";"G135";14.2102294960786;65.17565;74.7338953488372;8.895;397.5;18.6
"608";"G147";14.5602294960786;68.43915;74.1931104651163;9.465;461.5;19.15
"609";"G159";14.0602294960786;67.4601;74.6681860465116;10.665;510.5;20.6
"610";"G171";14.9852294960786;66.1547;74.5694476744186;13.5;860;19.9
"611";"G182";15.0852294960786;70.39725;74.9084651162791;7.735;322;19.05
"612";"G458";14.2134839966189;NA;NA;NA;NA;NA
"613";"G866";14.3468173299523;NA;NA;NA;NA;NA
"614";"G871";13.6134839966189;NA;NA;NA;NA;NA
"615";"G470";13.4134839966189;NA;NA;NA;NA;NA
"616";"G482";14.1134839966189;NA;NA;NA;NA;NA
"617";"G483";12.8468173299522;NA;NA;NA;NA;NA
"618";"G495";13.2801506632856;NA;NA;NA;NA;NA
"619";"G507";14.2468173299523;NA;NA;NA;NA;NA
"620";"G867";13.8468173299522;NA;NA;NA;NA;NA
"621";"G874";13.3468173299523;NA;NA;NA;NA;NA
"622";"G518";13.3801506632856;NA;NA;NA;NA;NA
"623";"G530";13.8801506632856;NA;NA;NA;NA;NA
"624";"G542";13.3134839966189;NA;NA;NA;NA;NA
"625";"G554";14.0134839966189;NA;NA;NA;NA;NA
"626";"G566";13.6801506632856;NA;NA;NA;NA;NA
"627";"G484";13.6801506632856;NA;NA;NA;NA;NA
"628";"G872";13.3801506632856;NA;NA;NA;NA;NA
"629";"G496";14.1468173299522;NA;NA;NA;NA;NA
"630";"G508";13.6801506632856;NA;NA;NA;NA;NA
"631";"G519";13.7468173299522;NA;NA;NA;NA;NA
"632";"G531";13.8134839966189;NA;NA;NA;NA;NA
"633";"G543";13.7801506632855;NA;NA;NA;NA;NA
"634";"G555";13.1468173299523;NA;NA;NA;NA;NA
"635";"G567";14.1468173299522;NA;NA;NA;NA;NA
"636";"G485";13.5468173299522;NA;NA;NA;NA;NA
"637";"G876";14.0468173299522;NA;NA;NA;NA;NA
"638";"G497";12.9801506632856;NA;NA;NA;NA;NA
"639";"G873";12.3468173299522;NA;NA;NA;NA;NA
"640";"G509";14.0801506632855;NA;NA;NA;NA;NA
"641";"G878";14.0468173299522;NA;NA;NA;NA;NA
"642";"G875";14.3468173299522;NA;NA;NA;NA;NA
"643";"G520";13.5134839966189;NA;NA;NA;NA;NA
"644";"G881";13.8468173299523;NA;NA;NA;NA;NA
"645";"G532";13.9468173299523;NA;NA;NA;NA;NA
"646";"G544";13.4801506632856;NA;NA;NA;NA;NA
"647";"G556";13.5801506632856;NA;NA;NA;NA;NA
"648";"G568";13.5134839966189;NA;NA;NA;NA;NA
"649";"G486";13.3468173299522;NA;NA;NA;NA;NA
"650";"G879";13.2134839966189;NA;NA;NA;NA;NA
"651";"G498";13.0801506632856;NA;NA;NA;NA;NA
"652";"G880";13.5801506632856;NA;NA;NA;NA;NA
"653";"G510";13.2468173299522;NA;NA;NA;NA;NA
"654";"G521";13.1134839966189;NA;NA;NA;NA;NA
"655";"G533";13.1134839966189;NA;NA;NA;NA;NA
"656";"G545";13.7468173299522;NA;NA;NA;NA;NA
"657";"G877";12.7468173299522;NA;NA;NA;NA;NA
"658";"G882";13.4468173299523;NA;NA;NA;NA;NA
"659";"G557";14.1801506632855;NA;NA;NA;NA;NA
"660";"G890";13.7801506632856;NA;NA;NA;NA;NA
"661";"G569";13.6468173299522;NA;NA;NA;NA;NA
"662";"G487";14.1468173299522;NA;NA;NA;NA;NA
"663";"G499";13.4134839966189;NA;NA;NA;NA;NA
"664";"G888";13.8468173299522;NA;NA;NA;NA;NA
"665";"G511";13.1134839966189;NA;NA;NA;NA;NA
"666";"G522";13.4801506632856;NA;NA;NA;NA;NA
"667";"G884";13.0468173299523;NA;NA;NA;NA;NA
"668";"G534";14.4134839966189;NA;NA;NA;NA;NA
"669";"G546";13.7468173299522;NA;NA;NA;NA;NA
"670";"G892";13.4801506632856;NA;NA;NA;NA;NA
"671";"G558";14.1801506632856;NA;NA;NA;NA;NA
"672";"G893";12.7134839966189;NA;NA;NA;NA;NA
"673";"G570";13.1801506632856;NA;NA;NA;NA;NA
"674";"G193";13.9102294960786;65.17565;76.9983604651163;7.425;318;21.75
"675";"G112";14.9352294960786;68.1128;76.1738023255814;7.95;424;20.65
"676";"G124";14.0102294960786;66.1547;75.3160290697674;7.68;345;18.3
"677";"G136";15.1102294960786;72.6817;73.8713953488372;6.895;303.5;20.15
"678";"G148";14.0602294960785;63.21755;76.5453139534884;8.765;416;20.45
"679";"G160";14.0852294960786;65.502;75.6993430232558;9.27;367;18.5
"680";"G172";14.9852294960786;70.39725;75.1786976744186;8.445;471;19.65
"681";"G183";14.2102294960786;68.7655;76.4387790697674;7.275;291.5;19.85
"682";"G194";15.6102294960786;68.7655;75.8021860465116;11.87;651;21.15
"683";"G113";14.3602294960786;64.1966;76.1679069767442;12.215;650;18.5
"684";"G885";12.2801506632856;NA;NA;NA;NA;NA
"685";"G895";13.7801506632856;NA;NA;NA;NA;NA
"686";"G488";13.0468173299522;NA;NA;NA;NA;NA
"687";"G886";12.9134839966189;NA;NA;NA;NA;NA
"688";"G889";12.8134839966189;NA;NA;NA;NA;NA
"689";"G500";13.1134839966189;NA;NA;NA;NA;NA
"690";"G891";13.4468173299522;NA;NA;NA;NA;NA
"691";"G883";13.2468173299522;NA;NA;NA;NA;NA
"692";"G887";13.6801506632856;NA;NA;NA;NA;NA
"693";"G523";13.0801506632856;NA;NA;NA;NA;NA
"694";"G894";13.608545203387;NA;NA;NA;NA;NA
"695";"G535";13.0801506632856;NA;NA;NA;NA;NA
"696";"G547";13.3468173299523;NA;NA;NA;NA;NA
"697";"G559";13.7134839966189;NA;NA;NA;NA;NA
"698";"G571";14.3134839966189;NA;NA;NA;NA;NA
"699";"G125";13.9102294960786;65.17565;75.7019186046512;8.775;354;19.4
"700";"G137";13.8352294960785;65.17565;75.169988372093;9.55;377.5;18.65
"701";"G149";14.0602294960786;66.1547;75.7696220930233;10.23;444;19.8
"702";"G161";13.5852294960786;63.21755;75.8574709302326;8.415;344.5;19.6
"703";"G173";14.2352294960786;64.1966;77.2576511627907;9.4;335.5;20.85
"704";"G195";13.9102294960785;63.87025;74.5975988372093;10.09;447.5;20.05
"705";"G114";14.2102294960786;64.8493;76.2710755813953;8.525;348;20
"706";"G126";14.5602294960786;64.8493;76.4508255813954;10.215;389.5;20.4
"707";"G138";14.8102294960785;65.502;73.3948779069767;8.77;342.5;19.05
"708";"G150";13.8852294960786;62.56485;76.7959534883721;9.425;333.5;19.4
"709";"G899";13.4833677841609;NA;NA;NA;NA;NA
"710";"G489";13.4333677841608;NA;NA;NA;NA;NA
"711";"G501";14.0833677841608;NA;NA;NA;NA;NA
"712";"G900";13.7333677841609;NA;NA;NA;NA;NA
"713";"G512";13.5833677841608;NA;NA;NA;NA;NA
"714";"G524";12.7833677841608;NA;NA;NA;NA;NA
"715";"G536";14.4333677841609;NA;NA;NA;NA;NA
"716";"G548";13.1833677841609;NA;NA;NA;NA;NA
"717";"G560";12.5333677841608;NA;NA;NA;NA;NA
"718";"G572";13.0833677841609;NA;NA;NA;NA;NA
"719";"G490";13.8333677841608;NA;NA;NA;NA;NA
"720";"G502";13.9333677841609;NA;NA;NA;NA;NA
"721";"G513";12.8333677841609;NA;NA;NA;NA;NA
"722";"G525";13.2333677841609;NA;NA;NA;NA;NA
"723";"G537";13.7333677841609;NA;NA;NA;NA;NA
"724";"G549";12.7833677841609;NA;NA;NA;NA;NA
"725";"G561";13.4333677841609;NA;NA;NA;NA;NA
"726";"G573";13.0833677841609;NA;NA;NA;NA;NA
"727";"G491";12.3833677841608;NA;NA;NA;NA;NA
"728";"G503";13.1333677841609;NA;NA;NA;NA;NA
"729";"G514";13.2333677841609;NA;NA;NA;NA;NA
"730";"G162";13.5102294960786;63.21755;74.5124651162791;9.9;445;18.3
"731";"G174";14.7602294960786;66.48105;75.1831395348837;10.43;383.5;20.1
"732";"G184";14.1602294960786;65.82835;75.643011627907;8.925;406;21.7
"733";"G196";13.7852294960786;67.4601;75.2048255813953;10.035;353.5;19.5
"734";"G115";14.0102294960786;64.1966;74.4502093023256;8.04;328.5;20.45
"735";"G127";14.2352294960786;66.48105;75.4558430232558;12.525;440;19.05
"736";"G139";13.9352294960786;64.1966;74.6595348837209;9.145;422;19.1
"737";"G151";14.7102294960786;67.78645;74.4446511627907;9.73;323;20.65
"738";"G163";14.5852294960786;66.8074;75.4231046511628;10.525;478;20.85
"739";"G175";14.2102294960786;65.502;75.0936976744186;10.68;393.5;20.25
"740";"G902";12.8333677841608;NA;NA;NA;NA;NA
"741";"G526";13.0333677841608;NA;NA;NA;NA;NA
"742";"G905";12.3333677841609;NA;NA;NA;NA;NA
"743";"G896";13.7833677841609;NA;NA;NA;NA;NA
"744";"G538";13.1333677841609;NA;NA;NA;NA;NA
"745";"G897";13.8333677841609;NA;NA;NA;NA;NA
"746";"G550";12.8333677841609;NA;NA;NA;NA;NA
"747";"G562";13.2333677841609;NA;NA;NA;NA;NA
"748";"G903";13.1833677841609;NA;NA;NA;NA;NA
"749";"G898";13.7333677841609;NA;NA;NA;NA;NA
"750";"G574";13.4833677841609;NA;NA;NA;NA;NA
"751";"G492";13.9833677841608;NA;NA;NA;NA;NA
"752";"G504";12.6833677841609;NA;NA;NA;NA;NA
"753";"G515";13.5333677841609;NA;NA;NA;NA;NA
"754";"G527";12.9833677841608;NA;NA;NA;NA;NA
"755";"G906";12.4333677841608;NA;NA;NA;NA;NA
"756";"G907";13.2833677841608;NA;NA;NA;NA;NA
"757";"G539";12.7833677841609;NA;NA;NA;NA;NA
"758";"G901";13.4333677841609;NA;NA;NA;NA;NA
"759";"G904";12.8833677841609;NA;NA;NA;NA;NA
"760";"G551";13.0333677841609;NA;NA;NA;NA;NA
"761";"G563";13.1333677841609;NA;NA;NA;NA;NA
"762";"G575";12.9833677841608;NA;NA;NA;NA;NA
"763";"G910";13.1333677841609;NA;NA;NA;NA;NA
"764";"G914";13.5833677841609;NA;NA;NA;NA;NA
"765";"G918";13.6833677841609;NA;NA;NA;NA;NA
"766";"G930";12.5833677841608;NA;NA;NA;NA;NA
"767";"G912";13.5833677841608;NA;NA;NA;NA;NA
"768";"G919";13.4333677841609;NA;NA;NA;NA;NA
"769";"G185";13.3602294960786;63.5439;74.5747790697674;9.41;401.5;16.85
"770";"G197";14.1602294960786;66.8074;74.6871686046512;8.255;278.5;21.1
"771";"G116";13.8352294960786;61.5858;74.8725;8.94;394.5;19.55
"772";"G128";13.8352294960786;65.17565;74.4015697674419;10.615;393;19.25
"773";"G140";14.4102294960786;64.8493;75.2832093023256;10.29;487;18
"774";"G152";14.0102294960786;64.8493;74.4015697674418;7.9;353;19.1
"775";"G164";13.8602294960786;65.82835;74.7858720930232;8.32;356;18.7
"776";"G176";14.0352294960785;66.1547;74.0501453488372;9.855;440.5;17.4
"777";"G186";13.6352294960786;66.8074;74.0316976744186;11.285;470.5;15.7
"778";"G198";13.3602294960786;64.1966;75.1264418604651;10.8;523.5;16.7
"779";"G493";12.9833677841608;NA;NA;NA;NA;NA
"780";"G923";13.1833677841608;NA;NA;NA;NA;NA
"781";"G505";12.5333677841609;NA;NA;NA;NA;NA
"782";"G924";12.2833677841609;NA;NA;NA;NA;NA
"783";"G516";13.1833677841609;NA;NA;NA;NA;NA
"784";"G931";13.9333677841608;NA;NA;NA;NA;NA
"785";"G528";13.2333677841609;NA;NA;NA;NA;NA
"786";"G540";13.0833677841609;NA;NA;NA;NA;NA
"787";"G552";12.9833677841608;NA;NA;NA;NA;NA
"788";"G564";13.0333677841608;NA;NA;NA;NA;NA
"789";"G576";13.0833677841609;NA;NA;NA;NA;NA
"790";"G925";13.6333677841608;NA;NA;NA;NA;NA
"791";"G494";13.1833677841608;NA;NA;NA;NA;NA
"792";"G506";13.3333677841609;NA;NA;NA;NA;NA
"793";"G117";13.6352294960786;65.17565;74.9209534883721;12.06;694;18.7
"794";"G129";13.9102294960786;70.0709;74.0746046511628;13.685;588;18.6
"795";"G141";13.5352294960786;66.48105;74.6283023255814;9.415;377.5;19.9
"796";"G153";13.5352294960786;71.04995;73.4051744186046;12.37;489.5;18.2
"797";"G165";13.1852294960786;65.502;73.6238837209302;10.68;425.5;18
"798";"G177";13.8602294960786;69.09185;72.0837209302326;11.63;544;18.1
"799";"G187";13.3602294960786;67.13375;74.62125;7.91;288;19.9
"800";"G199";13.8852294960786;69.4182;73.9668662790698;10.435;386;19.2
"801";"G118";13.6602294960786;67.78645;74.6266511627907;11.925;547;18.75
"802";"G130";13.1852294960786;69.09185;75.4034127906977;11.205;540;18.4
"803";"G517";12.8333677841609;NA;NA;NA;NA;NA
"804";"G920";12.8833677841609;NA;NA;NA;NA;NA
"805";"G529";14.1333677841609;NA;NA;NA;NA;NA
"806";"G926";13.5333677841609;NA;NA;NA;NA;NA
"807";"G908";13.6833677841609;NA;NA;NA;NA;NA
"808";"G541";13.2833677841609;NA;NA;NA;NA;NA
"809";"G553";13.1333677841608;NA;NA;NA;NA;NA
"810";"G913";13.3833677841607;NA;NA;NA;NA;NA
"811";"G565";13.8833677841608;NA;NA;NA;NA;NA
"812";"G577";14.0333677841608;NA;NA;NA;NA;NA
"813";"G932";13.2134839966189;NA;NA;NA;NA;NA
"814";"G909";8.14681732995224;NA;NA;NA;NA;NA
"815";"G916";13.5801506632856;NA;NA;NA;NA;NA
"816";"G578";13.1468173299523;NA;NA;NA;NA;NA
"817";"G921";13.4134839966189;NA;NA;NA;NA;NA
"818";"G590";13.2801506632856;NA;NA;NA;NA;NA
"819";"G927";13.1801506632856;NA;NA;NA;NA;NA
"820";"G933";13.1468173299522;NA;NA;NA;NA;NA
"821";"G602";13.3134839966189;NA;NA;NA;NA;NA
"822";"G614";13.5134839966189;NA;NA;NA;NA;NA
"823";"G625";12.9801506632856;NA;NA;NA;NA;NA
"824";"G142";14.7801506632856;67.78645;76.3262674418605;9.62;332;19.95
"825";"G154";14.5352294960786;67.78645;75.7933953488372;8.98;284;19.6
"826";"G166";14.5852294960786;65.17565;76.3225290697675;7.31;226;21.25
"827";"G178";14.6352294960785;66.8074;75.8208372093023;7.79;284.5;20.05
"828";"G188";14.1102294960785;65.82835;76.0571162790698;10.87;330.5;20.65
"829";"G200";14.0352294960786;66.1547;76.0961046511628;10.12;290;19.3
"830";"G201";14.8102294960786;66.8074;75.1809011627907;10.13;421;20.65
"831";"G213";14.5102294960786;65.502;75.072011627907;10.085;443.5;19.15
"832";"G225";14.4852294960786;65.82835;75.1330174418605;9.73;361.5;20.9
"833";"G237";14.5602294960787;66.8074;74.9064534883721;10.22;440;18.95
"834";"G922";12.5801506632856;NA;NA;NA;NA;NA
"835";"G928";12.4468173299522;NA;NA;NA;NA;NA
"836";"G911";13.2134839966189;NA;NA;NA;NA;NA
"837";"G637";11.6801506632856;NA;NA;NA;NA;NA
"838";"G915";12.7134839966189;NA;NA;NA;NA;NA
"839";"G917";12.2801506632856;NA;NA;NA;NA;NA
"840";"G934";13.6134839966189;NA;NA;NA;NA;NA
"841";"G649";12.7134839966189;NA;NA;NA;NA;NA
"842";"G249";13.0852294960786;63.5439;75.6668023255814;11.645;634.5;18
"843";"G261";13.8102294960786;66.48105;76.2238837209302;7.995;319;21.55
"844";"G273";13.0102294960786;63.5439;75.5289593023256;13.39;526.5;15.7
"845";"G285";13.5852294960786;68.7655;75.0567674418605;9.35;456;18.75
"846";"G202";14.5602294960786;68.43915;74.3138197674419;20.745;923;15.95
"847";"G214";14.0602294960786;69.74455;75.3509825581395;7.225;299;18.4
"848";"G226";14.0801506632856;66.48105;73.3966686046512;16.71;769;16.9
"849";"G238";13.1852294960786;66.48105;76.5033372093023;9.63;642;17.95
"850";"G250";12.6102294960786;65.17565;74.2;11.42;468.5;20.1
"851";"G262";13.3102294960786;65.82835;75.2111686046512;11;616;19.2
"852";"G661";13.1468173299523;NA;NA;NA;NA;NA
"853";"G579";13.3801506632856;NA;NA;NA;NA;NA
"854";"G929";13.7468173299522;NA;NA;NA;NA;NA
"855";"G938";13.2801506632856;NA;NA;NA;NA;NA
"856";"G591";13.2134839966189;NA;NA;NA;NA;NA
"857";"G603";12.9801506632856;NA;NA;NA;NA;NA
"858";"G941";13.4801506632856;NA;NA;NA;NA;NA
"859";"G943";13.0801506632855;NA;NA;NA;NA;NA
"860";"G935";12.6801506632856;NA;NA;NA;NA;NA
"861";"G615";13.0468173299522;NA;NA;NA;NA;NA
"862";"G626";13.7801506632855;NA;NA;NA;NA;NA
"863";"G638";12.8468173299522;NA;NA;NA;NA;NA
"864";"G939";13.5468173299522;NA;NA;NA;NA;NA
"865";"G650";13.0134839966189;NA;NA;NA;NA;NA
"866";"G662";12.7468173299522;NA;NA;NA;NA;NA
"867";"G944";13.3801506632857;NA;NA;NA;NA;NA
"868";"G945";12.5468173299522;NA;NA;NA;NA;NA
"869";"G580";13.4134839966189;NA;NA;NA;NA;NA
"870";"G940";12.7134839966189;NA;NA;NA;NA;NA
"871";"G592";13.3134839966189;NA;NA;NA;NA;NA
"872";"G604";13.5801506632856;NA;NA;NA;NA;NA
"873";"G616";13.3801506632856;NA;NA;NA;NA;NA
"874";"G627";13.6134839966189;NA;NA;NA;NA;NA
"875";"G639";8.71348399661893;NA;NA;NA;NA;NA
"876";"G651";13.2801506632856;NA;NA;NA;NA;NA
"877";"G946";13.1134839966189;NA;NA;NA;NA;NA
"878";"G663";12.6468173299522;NA;NA;NA;NA;NA
"879";"G274";14.6102294960786;68.1128;74.4450988372093;9.085;409;18.75
"880";"G203";14.2352294960785;69.4182;75.3335058139535;12.325;609.5;18.6
"881";"G215";13.9102294960786;66.8074;75.6755813953488;9.94;490;20.1
"882";"G227";13.9602294960786;65.82835;74.654023255814;13.6;712;18.3
"883";"G239";13.8352294960786;67.4601;75.5465058139535;11.315;442.5;17.35
"884";"G251";15.0468173299522;67.78645;74.1133779069768;11.41;593;18.35
"885";"G263";13.9352294960786;66.1547;75.109023255814;11.48;468.5;17.95
"886";"G275";14.4102294960786;68.7655;73.6281976744186;16.02;654;15.8
"887";"G286";14.1602294960786;67.13375;73.9043604651163;15.04;663.5;15.6
"888";"G204";13.3352294960786;65.502;75.1831395348837;16.065;832;16.75
"889";"G942";12.9468173299522;NA;NA;NA;NA;NA
"890";"G947";12.6801506632856;NA;NA;NA;NA;NA
"891";"G936";13.0468173299523;NA;NA;NA;NA;NA
"892";"G937";13.1801506632856;NA;NA;NA;NA;NA
"893";"G581";12.7468173299522;NA;NA;NA;NA;NA
"894";"G593";13.0134839966188;NA;NA;NA;NA;NA
"895";"G605";13.8134839966189;NA;NA;NA;NA;NA
"896";"G954";13.1801506632856;NA;NA;NA;NA;NA
"897";"G962";13.1801506632856;NA;NA;NA;NA;NA
"898";"G617";13.1801506632856;NA;NA;NA;NA;NA
"899";"G628";13.2801506632856;NA;NA;NA;NA;NA
"900";"G948";12.3801506632856;NA;NA;NA;NA;NA
"901";"G640";13.3801506632856;NA;NA;NA;NA;NA
"902";"G960";12.8801506632856;NA;NA;NA;NA;NA
"903";"G949";12.5134839966189;NA;NA;NA;NA;NA
"904";"G652";13.5801506632856;NA;NA;NA;NA;NA
"905";"G582";13.5801506632856;NA;NA;NA;NA;NA
"906";"G594";13.4801506632856;NA;NA;NA;NA;NA
"907";"G606";13.4134839966189;NA;NA;NA;NA;NA
"908";"G216";13.9352294960786;68.1128;74.8021511627907;9.425;372.5;19.7
"909";"G228";13.9102294960786;64.8493;74.975988372093;13.42;487.5;18.05
"910";"G240";15.7602294960786;68.1128;75.4075;8.23;364.5;21.2
"911";"G252";13.7602294960786;65.502;75.9293779069768;7.09;281.5;20.7
"912";"G264";14.3852294960786;66.8074;75.7582325581395;11.1;452.5;18.85
"913";"G276";14.4852294960786;66.48105;75.3072906976744;11.79;429;21.3
"914";"G287";14.0852294960786;66.8074;73.3191627906977;10.895;509.5;17.9
"915";"G205";14.7352294960786;68.7655;74.5038139534884;8.335;437;19.3
"916";"G217";13.2852294960786;64.8493;74.9565581395349;10.81;405.5;17.305
"917";"G229";13.4102294960786;66.48105;74.4951627906977;7.255;330;20.15
"918";"G618";13.3801506632856;NA;NA;NA;NA;NA
"919";"G629";13.0134839966189;NA;NA;NA;NA;NA
"920";"G641";14.3801506632856;NA;NA;NA;NA;NA
"921";"G955";12.6134839966189;NA;NA;NA;NA;NA
"922";"G957";13.0468173299522;NA;NA;NA;NA;NA
"923";"G653";14.2134839966189;NA;NA;NA;NA;NA
"924";"G961";14.1134839966189;NA;NA;NA;NA;NA
"925";"G664";13.6134839966189;NA;NA;NA;NA;NA
"926";"G583";14.1134839966189;NA;NA;NA;NA;NA
"927";"G595";13.4468173299522;NA;NA;NA;NA;NA
"928";"G607";13.2134839966189;NA;NA;NA;NA;NA
"929";"G950";13.2468173299522;NA;NA;NA;NA;NA
"930";"G952";13.8801506632856;NA;NA;NA;NA;NA
"931";"G956";13.5801506632856;NA;NA;NA;NA;NA
"932";"G630";13.5134839966189;NA;NA;NA;NA;NA
"933";"G958";13.8801506632856;NA;NA;NA;NA;NA
"934";"G951";13.7801506632856;NA;NA;NA;NA;NA
"935";"G953";14.1134839966189;NA;NA;NA;NA;NA
"936";"G959";13.0468173299522;NA;NA;NA;NA;NA
"937";"G963";14.1801506632856;NA;NA;NA;NA;NA
"938";"G642";12.9468173299523;NA;NA;NA;NA;NA
"939";"G654";13.8134839966189;NA;NA;NA;NA;NA
"940";"G665";13.4801506632856;NA;NA;NA;NA;NA
"941";"G584";13.5134839966189;NA;NA;NA;NA;NA
"942";"G596";13.4134839966189;NA;NA;NA;NA;NA
"943";"G608";13.8134839966189;NA;NA;NA;NA;NA
"944";"G619";14.1468173299522;NA;NA;NA;NA;NA
"945";"G631";13.8134839966189;NA;NA;NA;NA;NA
"946";"G972";12.9468173299523;NA;NA;NA;NA;NA
"947";"G643";13.6468173299522;NA;NA;NA;NA;NA
"948";"G976";13.2468173299523;NA;NA;NA;NA;NA
"949";"G978";12.9801506632856;NA;NA;NA;NA;NA
"950";"G655";13.6134839966189;NA;NA;NA;NA;NA
"951";"G666";13.9801506632856;NA;NA;NA;NA;NA
"952";"G979";13.4134839966189;NA;NA;NA;NA;NA
"953";"G964";12.9801506632856;NA;NA;NA;NA;NA
"954";"G967";13.5468173299522;NA;NA;NA;NA;NA
"955";"G585";13.4468173299522;NA;NA;NA;NA;NA
"956";"G597";12.9801506632856;NA;NA;NA;NA;NA
"957";"G609";13.2468173299522;NA;NA;NA;NA;NA
"958";"G620";13.5801506632856;NA;NA;NA;NA;NA
"959";"G632";13.2134839966189;NA;NA;NA;NA;NA
"960";"G644";13.6801506632856;NA;NA;NA;NA;NA
"961";"G656";13.4468173299523;NA;NA;NA;NA;NA
"962";"G977";14.2468173299522;NA;NA;NA;NA;NA
"963";"G667";13.7134839966189;NA;NA;NA;NA;NA
"964";"G968";12.3134839966189;NA;NA;NA;NA;NA
"965";"G586";13.3134839966189;NA;NA;NA;NA;NA
"966";"G598";13.2134839966189;NA;NA;NA;NA;NA
"967";"G610";13.4801506632856;NA;NA;NA;NA;NA
"968";"G621";13.8134839966189;NA;NA;NA;NA;NA
"969";"G633";14.1134839966189;NA;NA;NA;NA;NA
"970";"G645";14.4801506632856;NA;NA;NA;NA;NA
"971";"G657";13.3134839966189;NA;NA;NA;NA;NA
"972";"G668";13.0801506632856;NA;NA;NA;NA;NA
"973";"G587";13.6801506632856;NA;NA;NA;NA;NA
"974";"G599";14.2801506632856;NA;NA;NA;NA;NA
"975";"G611";14.1801506632856;NA;NA;NA;NA;NA
"976";"G973";12.9468173299522;NA;NA;NA;NA;NA
"977";"G974";13.5801506632856;NA;NA;NA;NA;NA
"978";"G622";14.0801506632856;NA;NA;NA;NA;NA
"979";"G634";13.0801506632856;NA;NA;NA;NA;NA
"980";"G646";13.9801506632856;NA;NA;NA;NA;NA
"981";"G965";14.0134839966189;NA;NA;NA;NA;NA
"982";"G658";13.9134839966189;NA;NA;NA;NA;NA
"983";"G975";14.2468173299523;NA;NA;NA;NA;NA
"984";"G669";13.8801506632856;NA;NA;NA;NA;NA
"985";"G588";13.4468173299523;NA;NA;NA;NA;NA
"986";"G969";14.4375299871796;NA;NA;NA;NA;NA
"987";"G600";14.8041966538463;NA;NA;NA;NA;NA
"988";"G612";14.4041966538463;NA;NA;NA;NA;NA
"989";"G241";14.1852294960786;67.13375;75.0632965116279;13.245;599;18.15
"990";"G253";13.6602294960786;65.502;74.9043720930233;9.27;367;20.2
"991";"G265";13.5352294960786;63.87025;75.1983546511628;10.295;396;17.35
"992";"G277";14.4602294960786;68.1128;74.6126162790698;14.8;751;19.3
"993";"G288";14.3352294960786;65.82835;75.0567674418605;11.695;371.5;19.45
"994";"G206";14.6602294960786;67.4601;74.769488372093;6.255;300.5;22.7
"995";"G218";14.2102294960786;67.4601;75.7731511627907;12.765;624;19.65
"996";"G230";14.4102294960786;65.82835;74.3466744186047;7.37;335;19.7
"997";"G242";14.1102294960786;63.87025;74.8409651162791;7.905;373.5;20.15
"998";"G254";14.1602294960786;65.82835;75.2548604651163;11.905;609;18.9
"999";"G623";13.6375299871796;NA;NA;NA;NA;NA
"1000";"G971";14.0708633205129;NA;NA;NA;NA;NA
"1001";"G635";13.7041966538463;NA;NA;NA;NA;NA
"1002";"G647";13.8041966538463;NA;NA;NA;NA;NA
"1003";"G970";14.6375299871796;NA;NA;NA;NA;NA
"1004";"G659";13.7041966538462;NA;NA;NA;NA;NA
"1005";"G670";14.1041966538463;NA;NA;NA;NA;NA
"1006";"G966";14.0375299871796;NA;NA;NA;NA;NA
"1007";"G589";13.7375299871796;NA;NA;NA;NA;NA
"1008";"G601";13.7708633205129;NA;NA;NA;NA;NA
"1009";"G613";13.8375299871796;NA;NA;NA;NA;NA
"1010";"G982";13.4375299871796;NA;NA;NA;NA;NA
"1011";"G624";14.4375299871796;NA;NA;NA;NA;NA
"1012";"G636";13.8708633205129;NA;NA;NA;NA;NA
"1013";"G648";14.3041966538463;NA;NA;NA;NA;NA
"1014";"G660";13.9041966538463;NA;NA;NA;NA;NA
"1015";"G983";13.9708633205129;NA;NA;NA;NA;NA
"1016";"G685";14.0375299871796;NA;NA;NA;NA;NA
"1017";"G991";13.3041966538463;NA;NA;NA;NA;NA
"1018";"G671";14.5041966538463;NA;NA;NA;NA;NA
"1019";"G672";14.4375299871796;NA;NA;NA;NA;NA
"1020";"G684";14.4708633205129;NA;NA;NA;NA;NA
"1021";"G696";14.0375299871795;NA;NA;NA;NA;NA
"1022";"G721";13.3708633205129;NA;NA;NA;NA;NA
"1023";"G708";13.5708633205129;NA;NA;NA;NA;NA
"1024";"G720";14.0375299871796;NA;NA;NA;NA;NA
"1025";"G731";14.1375299871796;NA;NA;NA;NA;NA
"1026";"G992";13.8708633205129;NA;NA;NA;NA;NA
"1027";"G980";13.8041966538462;NA;NA;NA;NA;NA
"1028";"G743";13.8375299871796;NA;NA;NA;NA;NA
"1029";"G755";14.3375299871796;NA;NA;NA;NA;NA
"1030";"G673";13.7041966538463;NA;NA;NA;NA;NA
"1031";"G744";13.8375299871796;NA;NA;NA;NA;NA
"1032";"G981";13.7375299871796;NA;NA;NA;NA;NA
"1033";"G756";14.2375299871796;NA;NA;NA;NA;NA
"1034";"G674";13.8041966538463;NA;NA;NA;NA;NA
"1035";"G988";13.1041966538462;NA;NA;NA;NA;NA
"1036";"G266";13.6852294960785;65.502;75.5865639534884;14.04;564.5;19.05
"1037";"G278";13.6102294960786;67.4601;75.4200930232558;11.69;605.5;18.7
"1038";"G289";13.1602294960786;66.48105;74.9304651162791;7.885;307.5;18.25
"1039";"G207";14.6102294960786;66.48105;74.5606395348837;16.105;816.5;18.15
"1040";"G219";14.4352294960786;64.8493;76.0087558139535;11.275;456.5;18.75
"1041";"G231";13.4852294960785;66.48105;75.6851860465116;9.175;368.5;20.6
"1042";"G243";14.2852294960786;67.13375;75.3573953488372;10.49;447;19.25
"1043";"G255";13.7102294960785;65.82835;73.1519302325581;9.68;398.5;17.45
"1044";"G267";13.8102294960786;63.5439;75.8380813953488;10.055;399.5;18.35
"1045";"G279";13.2852294960786;64.8493;74.5211162790698;7.905;354;19.1
"1046";"G697";13.9041966538463;NA;NA;NA;NA;NA
"1047";"G709";13.7375299871796;NA;NA;NA;NA;NA
"1048";"G732";13.8041966538463;NA;NA;NA;NA;NA
"1049";"G995";14.3375299871796;NA;NA;NA;NA;NA
"1050";"G686";13.8375299871796;NA;NA;NA;NA;NA
"1051";"G698";13.6041966538463;NA;NA;NA;NA;NA
"1052";"G984";14.8041966538462;NA;NA;NA;NA;NA
"1053";"G986";14.8375299871796;NA;NA;NA;NA;NA
"1054";"G989";15.3041966538463;NA;NA;NA;NA;NA
"1055";"G710";14.5041966538462;NA;NA;NA;NA;NA
"1056";"G722";14.1375299871796;NA;NA;NA;NA;NA
"1057";"G985";14.2041966538463;NA;NA;NA;NA;NA
"1058";"G733";13.9375299871796;NA;NA;NA;NA;NA
"1059";"G990";14.8375299871796;NA;NA;NA;NA;NA
"1060";"G745";14.0708633205129;NA;NA;NA;NA;NA
"1061";"G757";13.6375299871796;NA;NA;NA;NA;NA
"1062";"G993";14.1708633205129;NA;NA;NA;NA;NA
"1063";"G675";14.5708633205129;NA;NA;NA;NA;NA
"1064";"G687";14.2708633205129;NA;NA;NA;NA;NA
"1065";"G699";13.4375299871796;NA;NA;NA;NA;NA
"1066";"G711";14.5041966538463;NA;NA;NA;NA;NA
"1067";"G987";14.3708633205129;NA;NA;NA;NA;NA
"1068";"G723";14.0041966538462;NA;NA;NA;NA;NA
"1069";"G734";14.1041966538463;NA;NA;NA;NA;NA
"1070";"G994";14.8375299871796;NA;NA;NA;NA;NA
"1071";"G746";14.0375299871796;NA;NA;NA;NA;NA
"1072";"G758";14.4041966538463;NA;NA;NA;NA;NA
"1073";"G998";14.6375299871796;NA;NA;NA;NA;NA
"1074";"G1000";13.0375299871796;NA;NA;NA;NA;NA
"1075";"G1008";14.2375299871796;NA;NA;NA;NA;NA
"1076";"G676";14.9041966538462;NA;NA;NA;NA;NA
"1077";"G688";14.3375299871796;NA;NA;NA;NA;NA
"1078";"G1014";14.9041966538463;NA;NA;NA;NA;NA
"1079";"G1001";14.4041966538462;NA;NA;NA;NA;NA
"1080";"G1003";13.1041966538462;NA;NA;NA;NA;NA
"1081";"G1009";14.9041966538462;NA;NA;NA;NA;NA
"1082";"G996";14.3708633205129;NA;NA;NA;NA;NA
"1083";"G700";15.0041966538462;NA;NA;NA;NA;NA
"1084";"G1002";14.7375299871796;NA;NA;NA;NA;NA
"1085";"G712";13.6708633205129;NA;NA;NA;NA;NA
"1086";"G724";13.7375299871796;NA;NA;NA;NA;NA
"1087";"G735";13.970863320513;NA;NA;NA;NA;NA
"1088";"G747";15.0041966538462;NA;NA;NA;NA;NA
"1089";"G759";14.8041966538463;NA;NA;NA;NA;NA
"1090";"G1015";12.9041966538462;NA;NA;NA;NA;NA
"1091";"G677";13.6375299871796;NA;NA;NA;NA;NA
"1092";"G208";13.7852294960785;63.87025;75.8373488372093;9.4;449.5;20.85
"1093";"G220";14.1602294960786;64.1966;74.8890697674419;11.17;523.5;17.15
"1094";"G232";15.1352294960786;67.4601;75.0501802325581;10.94;541;19.35
"1095";"G244";14.5602294960786;67.13375;75.2529069767442;7.405;363.5;20.45
"1096";"G256";14.9352294960786;67.13375;74.3881395348837;9.585;444;19
"1097";"G268";14.6102294960786;66.1547;75.3136744186046;8.69;388;19.5
"1098";"G280";14.4602294960786;62.8912;75.3573953488372;10.115;358.5;18.8
"1099";"G290";13.6852294960786;64.8493;74.5384186046512;11.36;436;18
"1100";"G209";14.0602294960786;65.17565;74.5315523255814;9.38;426;19.55
"1101";"G221";14.2102294960786;64.1966;75.7081279069768;10.405;490.5;20.45
"1102";"G689";13.7375299871796;NA;NA;NA;NA;NA
"1103";"G701";14.2041966538462;NA;NA;NA;NA;NA
"1104";"G713";14.4041966538463;NA;NA;NA;NA;NA
"1105";"G1010";13.9041966538463;NA;NA;NA;NA;NA
"1106";"G1016";13.3485390023089;NA;NA;NA;NA;NA
"1107";"G736";14.0041966538463;NA;NA;NA;NA;NA
"1108";"G748";13.7375299871796;NA;NA;NA;NA;NA
"1109";"G760";14.1375299871796;NA;NA;NA;NA;NA
"1110";"G999";13.4708633205129;NA;NA;NA;NA;NA
"1111";"G1004";14.8375299871796;NA;NA;NA;NA;NA
"1112";"G1017";13.4708633205129;NA;NA;NA;NA;NA
"1113";"G997";14.2708633205129;NA;NA;NA;NA;NA
"1114";"G678";14.2375299871796;NA;NA;NA;NA;NA
"1115";"G690";13.7375299871796;NA;NA;NA;NA;NA
"1116";"G702";13.9375299871796;NA;NA;NA;NA;NA
"1117";"G1005";14.0375299871796;NA;NA;NA;NA;NA
"1118";"G714";13.5041966538462;NA;NA;NA;NA;NA
"1119";"G725";14.1041966538463;NA;NA;NA;NA;NA
"1120";"G737";14.6708633205129;NA;NA;NA;NA;NA
"1121";"G749";13.6375299871796;NA;NA;NA;NA;NA
"1122";"G761";13.8041966538462;NA;NA;NA;NA;NA
"1123";"G679";14.0708633205129;NA;NA;NA;NA;NA
"1124";"G691";13.9041966538462;NA;NA;NA;NA;NA
"1125";"G703";14.3041966538463;NA;NA;NA;NA;NA
"1126";"G1011";14.2708633205129;NA;NA;NA;NA;NA
"1127";"G1006";14.2708633205129;NA;NA;NA;NA;NA
"1128";"G715";13.5041966538462;NA;NA;NA;NA;NA
"1129";"G726";14.0041966538463;NA;NA;NA;NA;NA
"1130";"G1012";14.1708633205129;NA;NA;NA;NA;NA
"1131";"G1018";13.9708633205129;NA;NA;NA;NA;NA
"1132";"G1007";13.1708633205129;NA;NA;NA;NA;NA
"1133";"G1013";13.9375299871796;NA;NA;NA;NA;NA
"1134";"G738";14.2041966538463;NA;NA;NA;NA;NA
"1135";"G1028";13.8708633205129;NA;NA;NA;NA;NA
"1136";"G750";13.9708633205129;NA;NA;NA;NA;NA
"1137";"G762";14.3041966538463;NA;NA;NA;NA;NA
"1138";"G680";13.8708633205129;NA;NA;NA;NA;NA
"1139";"G692";13.5041966538463;NA;NA;NA;NA;NA
"1140";"G704";13.3041966538463;NA;NA;NA;NA;NA
"1141";"G716";13.8708633205129;NA;NA;NA;NA;NA
"1142";"G727";13.9708633205129;NA;NA;NA;NA;NA
"1143";"G739";14.5375299871796;NA;NA;NA;NA;NA
"1144";"G751";13.5375299871796;NA;NA;NA;NA;NA
"1145";"G763";14.3375299871796;NA;NA;NA;NA;NA
"1146";"G1030";15.0041966538462;NA;NA;NA;NA;NA
"1147";"G681";14.5375299871796;NA;NA;NA;NA;NA
"1148";"G1022";13.9375299871796;NA;NA;NA;NA;NA
"1149";"G693";13.6708633205129;NA;NA;NA;NA;NA
"1150";"G705";15.1041966538463;NA;NA;NA;NA;NA
"1151";"G717";13.9375299871796;NA;NA;NA;NA;NA
"1152";"G728";14.2708633205129;NA;NA;NA;NA;NA
"1153";"G1031";13.8708633205129;NA;NA;NA;NA;NA
"1154";"G740";14.0375299871796;NA;NA;NA;NA;NA
"1155";"G233";14.5852294960786;67.13375;74.6520465116279;19.62;923;15.9
"1156";"G245";13.9852294960786;65.17565;74.4140406976744;9.21;364;20.4
"1157";"G257";14.5602294960786;68.1128;74.2939534883721;11.485;482.5;19.05
"1158";"G269";13.9602294960786;65.502;74.2566511627907;13;533;17.9
"1159";"G281";14.5602294960785;68.1128;74.514261627907;11.45;607.5;19.3
"1160";"G291";13.5102294960786;64.8493;74.4140406976744;11;545;19.35
"1161";"G210";14.1602294960786;61.5858;73.9959825581395;7.005;367.5;19.85
"1162";"G222";14.2352294960786;66.8074;74.5816744186046;10.4;454.5;19
"1163";"G234";13.8352294960786;64.8493;74.5124651162791;11.365;537.5;19.25
"1164";"G246";14.5602294960786;64.8493;75.5991453488372;10.18;381;20.8
"1165";"G1023";13.7375299871796;NA;NA;NA;NA;NA
"1166";"G1029";12.3041966538463;NA;NA;NA;NA;NA
"1167";"G752";13.1708633205129;NA;NA;NA;NA;NA
"1168";"G1024";12.8375299871796;NA;NA;NA;NA;NA
"1169";"G1032";13.5041966538463;NA;NA;NA;NA;NA
"1170";"G1020";15.0708633205129;NA;NA;NA;NA;NA
"1171";"G1019";13.1041966538462;NA;NA;NA;NA;NA
"1172";"G764";12.7708633205128;NA;NA;NA;NA;NA
"1173";"G1021";13.0708633205129;NA;NA;NA;NA;NA
"1174";"G1025";14.2375299871796;NA;NA;NA;NA;NA
"1175";"G682";12.9041966538462;NA;NA;NA;NA;NA
"1176";"G694";12.5375299871796;NA;NA;NA;NA;NA
"1177";"G1033";12.5041966538463;NA;NA;NA;NA;NA
"1178";"G706";13.9708633205129;NA;NA;NA;NA;NA
"1179";"G718";13.3375299871797;NA;NA;NA;NA;NA
"1180";"G1027";13.7041966538463;NA;NA;NA;NA;NA
"1181";"G729";13.4708633205129;NA;NA;NA;NA;NA
"1182";"G1026";13.7041966538463;NA;NA;NA;NA;NA
"1183";"G1037";14.1375299871796;NA;NA;NA;NA;NA
"1184";"G741";13.0375299871796;NA;NA;NA;NA;NA
"1185";"G753";12.9375299871796;NA;NA;NA;NA;NA
"1186";"G1040";13.9375299871796;NA;NA;NA;NA;NA
"1187";"G765";12.8708633205129;NA;NA;NA;NA;NA
"1188";"G683";13.1041966538463;NA;NA;NA;NA;NA
"1189";"G1043";13.6375299871796;NA;NA;NA;NA;NA
"1190";"G1047";13.1375299871796;NA;NA;NA;NA;NA
"1191";"G1044";12.8375299871796;NA;NA;NA;NA;NA
"1192";"G695";13.2708633205129;NA;NA;NA;NA;NA
"1193";"G707";12.4041966538462;NA;NA;NA;NA;NA
"1194";"G719";13.2708633205129;NA;NA;NA;NA;NA
"1195";"G730";12.6375299871796;NA;NA;NA;NA;NA
"1196";"G742";12.7041966538462;NA;NA;NA;NA;NA
"1197";"G1051";13.3708633205129;NA;NA;NA;NA;NA
"1198";"G1038";13.2708633205129;NA;NA;NA;NA;NA
"1199";"G1045";13.3708633205129;NA;NA;NA;NA;NA
"1200";"G754";12.5375299871796;NA;NA;NA;NA;NA
"1201";"G766";12.1708633205129;NA;NA;NA;NA;NA
"1202";"G1060";13.5708633205129;NA;NA;NA;NA;NA
"1203";"G1052";13.5041966538463;NA;NA;NA;NA;NA
"1204";"G1034";14.7375299871796;NA;NA;NA;NA;NA
"1205";"G1048";13.4041966538463;NA;NA;NA;NA;NA
"1206";"G1053";12.2708633205129;NA;NA;NA;NA;NA
"1207";"G1041";13.8708633205129;NA;NA;NA;NA;NA
"1208";"G1062";13.1375299871796;NA;NA;NA;NA;NA
"1209";"G1063";12.5375299871796;NA;NA;NA;NA;NA
"1210";"G1054";13.3375299871796;NA;NA;NA;NA;NA
"1211";"G1036";13.2375299871796;NA;NA;NA;NA;NA
"1212";"G1042";13.7375299871796;NA;NA;NA;NA;NA
"1213";"G1064";13.1375299871796;NA;NA;NA;NA;NA
"1214";"G1049";13.2375299871796;NA;NA;NA;NA;NA
"1215";"G258";14.9852294960786;66.48105;73.4572674418605;11.865;823;18.35
"1216";"G270";14.3852294960786;67.13375;74.1568604651163;18.175;936.5;15.85
"1217";"G282";14.1852294960786;65.17565;74.8496453488372;10.63;429;19.15
"1218";"G292";14.5102294960786;65.502;73.9070058139535;12.265;634.5;18.4
"1219";"G211";14.4602294960786;67.4601;74.360476744186;8.98;448.5;19
"1220";"G223";13.4102294960786;64.1966;74.2;9.215;461.5;18.8
"1221";"G235";14.9852294960786;67.78645;75.285;10.37;405;21.05
"1222";"G247";14.7602294960786;67.4601;74.4086511627907;12.515;514;18.1
"1223";"G259";13.4852294960786;63.87025;74.8064825581396;8.825;395.5;19.55
"1224";"G271";14.3352294960786;67.13375;72.4004767441861;15.75;651;16.8
"1225";"G1035";12.3708633205129;NA;NA;NA;NA;NA
"1226";"G1039";12.2041966538463;NA;NA;NA;NA;NA
"1227";"G1055";11.7708633205129;NA;NA;NA;NA;NA
"1228";"G1050";13.4041966538463;NA;NA;NA;NA;NA
"1229";"G1056";12.8375299871796;NA;NA;NA;NA;NA
"1230";"G1046";14.0041966538463;NA;NA;NA;NA;NA
"1231";"G1057";11.7041966538462;NA;NA;NA;NA;NA
"1232";"G1058";12.2375299871796;NA;NA;NA;NA;NA
"1233";"G1065";12.5708633205129;NA;NA;NA;NA;NA
"1234";"G1061";12.6375299871796;NA;NA;NA;NA;NA
"1235";"G1059";11.8041966538463;NA;NA;NA;NA;NA
"1236";"G1066";13.4041966538463;NA;NA;NA;NA;NA
"1237";"G283";12.9102294960786;63.5439;72.5168604651163;11.095;563.5;16.4
"1238";"G293";14.9852294960786;61.2;73.7711627906977;10.845;505.5;20.4
"1239";"G212";13.5352294960786;68.7655;72.7688372093023;9.74;487.5;17.85
"1240";"G224";12.6352294960786;62.2385;74.3363372093023;11.15;578;18.5
"1241";"G236";13.7352294960786;62.8912;74.5;10.255;496;21.75
"1242";"G248";13.0352294960786;62.56485;73.759988372093;10.665;477.5;18
"1243";"G260";12.5852294960786;63.5439;74.5279127906977;8.115;369.5;20.6
"1244";"G272";13.1352294960786;64.52295;74.7608023255814;8.43;349;19.7
"1245";"G284";14.6102294960786;67.78645;73.4512093023256;10.335;492;19.8
"1246";"G294";14.2852294960786;65.82835;73.6111046511628;10.64;392.5;17.6
"1247";"G1067";14.7713310621589;NA;NA;NA;NA;NA
"1248";"G1075";14.5713310621588;NA;NA;NA;NA;NA
"1249";"G1083";14.8963310621588;NA;NA;NA;NA;NA
"1250";"G1091";14.5213310621588;NA;NA;NA;NA;NA
"1251";"G1106";13.2963310621588;NA;NA;NA;NA;NA
"1252";"G1114";14.3463310621588;NA;NA;NA;NA;NA
"1253";"G1122";14.1713310621588;NA;NA;NA;NA;NA
"1254";"G1068";14.3463310621588;NA;NA;NA;NA;NA
"1255";"G1076";14.1963310621588;NA;NA;NA;NA;NA
"1256";"G1084";14.2963310621588;NA;NA;NA;NA;NA
"1257";"G1092";15.0463310621588;NA;NA;NA;NA;NA
"1258";"G1099";13.1213310621588;NA;NA;NA;NA;NA
"1259";"G1107";14.7963310621588;NA;NA;NA;NA;NA
"1260";"G1115";14.7713310621589;NA;NA;NA;NA;NA
"1261";"G1123";14.3213310621588;NA;NA;NA;NA;NA
"1262";"G1069";14.5463310621588;NA;NA;NA;NA;NA
"1263";"G1077";14.6963310621588;NA;NA;NA;NA;NA
"1264";"G1085";14.6713310621588;NA;NA;NA;NA;NA
"1265";"G1093";13.9963310621588;NA;NA;NA;NA;NA
"1266";"G1100";13.9213310621588;NA;NA;NA;NA;NA
"1267";"G1108";14.0713310621588;NA;NA;NA;NA;NA
"1268";"G1116";16.0213310621588;NA;NA;NA;NA;NA
"1269";"G1124";15.7963310621588;NA;NA;NA;NA;NA
"1270";"G1070";13.4213310621588;NA;NA;NA;NA;NA
"1271";"G1078";15.4213310621588;NA;NA;NA;NA;NA
"1272";"G1086";14.8463310621588;NA;NA;NA;NA;NA
"1273";"G1094";14.1713310621588;NA;NA;NA;NA;NA
"1274";"G1101";13.7963310621588;NA;NA;NA;NA;NA
"1275";"G1109";14.6213310621588;NA;NA;NA;NA;NA
"1276";"G1117";14.8713310621588;NA;NA;NA;NA;NA
"1277";"G1125";14.5713310621588;NA;NA;NA;NA;NA
"1278";"G1071";14.8213310621588;NA;NA;NA;NA;NA
"1279";"G1079";14.3963310621588;NA;NA;NA;NA;NA
"1280";"G1087";14.7463310621588;NA;NA;NA;NA;NA
"1281";"G1095";14.5713310621588;NA;NA;NA;NA;NA
"1282";"G1102";14.3713310621588;NA;NA;NA;NA;NA
"1283";"G1110";14.2963310621588;NA;NA;NA;NA;NA
"1284";"G1118";15.1963310621588;NA;NA;NA;NA;NA
"1285";"G1126";14.4213310621588;NA;NA;NA;NA;NA
"1286";"G1072";13.9463310621588;NA;NA;NA;NA;NA
"1287";"G1080";14.1713310621588;NA;NA;NA;NA;NA
"1288";"G1088";14.1713310621588;NA;NA;NA;NA;NA
"1289";"G1096";14.6463310621588;NA;NA;NA;NA;NA
"1290";"G1103";15.5463310621589;NA;NA;NA;NA;NA
"1291";"G1111";13.9963310621588;NA;NA;NA;NA;NA
"1292";"G1119";14.8213310621589;NA;NA;NA;NA;NA
"1293";"G1127";14.7463310621588;NA;NA;NA;NA;NA
"1294";"G1073";14.2963310621588;NA;NA;NA;NA;NA
"1295";"G1081";14.4213310621588;NA;NA;NA;NA;NA
"1296";"G1089";14.5963310621588;NA;NA;NA;NA;NA
"1297";"G1097";14.4963310621588;NA;NA;NA;NA;NA
"1298";"G1104";14.7213310621589;NA;NA;NA;NA;NA
"1299";"G1112";14.086142925278;NA;NA;NA;NA;NA
"1300";"G1120";14.4463310621589;NA;NA;NA;NA;NA
"1301";"G1128";14.6713310621589;NA;NA;NA;NA;NA
"1302";"G1074";14.6713310621588;NA;NA;NA;NA;NA
"1303";"G1082";15.0713310621588;NA;NA;NA;NA;NA
"1304";"G1090";14.7213310621588;NA;NA;NA;NA;NA
"1305";"G1098";14.1213310621588;NA;NA;NA;NA;NA
"1306";"G1105";14.5213310621588;NA;NA;NA;NA;NA
"1307";"G1113";14.8963310621588;NA;NA;NA;NA;NA
"1308";"G1121";14.3213310621588;NA;NA;NA;NA;NA
"1309";"G1129";15.4213310621588;NA;NA;NA;NA;NA
"1310";"G1130";13.7213310621589;NA;NA;NA;NA;NA
"1311";"G1142";14.6963310621588;NA;NA;NA;NA;NA
"1312";"G1154";14.8213310621588;NA;NA;NA;NA;NA
"1313";"G1166";15.4463310621588;NA;NA;NA;NA;NA
"1314";"G1178";14.6713310621588;NA;NA;NA;NA;NA
"1315";"G1190";13.5713310621589;NA;NA;NA;NA;NA
"1316";"G1201";14.7713310621588;NA;NA;NA;NA;NA
"1317";"G1213";15.5463310621589;NA;NA;NA;NA;NA
"1318";"G1131";14.8213310621588;NA;NA;NA;NA;NA
"1319";"G1143";14.0963310621588;NA;NA;NA;NA;NA
"1320";"G1155";15.0213310621588;NA;NA;NA;NA;NA
"1321";"G1167";14.7213310621588;NA;NA;NA;NA;NA
"1322";"G1179";13.6713310621589;NA;NA;NA;NA;NA
"1323";"G1191";14.4463310621588;NA;NA;NA;NA;NA
"1324";"G1202";14.4963310621588;NA;NA;NA;NA;NA
"1325";"G1214";14.8213310621588;NA;NA;NA;NA;NA
"1326";"G1132";14.4713310621588;NA;NA;NA;NA;NA
"1327";"G1144";15.3963310621588;NA;NA;NA;NA;NA
"1328";"G1156";15.3713310621588;NA;NA;NA;NA;NA
"1329";"G1168";14.4463310621588;NA;NA;NA;NA;NA
"1330";"G1180";14.7963310621588;NA;NA;NA;NA;NA
"1331";"G1192";14.2963310621588;NA;NA;NA;NA;NA
"1332";"G1203";15.0713310621588;NA;NA;NA;NA;NA
"1333";"G1215";13.6213310621588;NA;NA;NA;NA;NA
"1334";"G1133";14.3463310621588;NA;NA;NA;NA;NA
"1335";"G1145";13.8713310621588;NA;NA;NA;NA;NA
"1336";"G1157";14.6963310621588;NA;NA;NA;NA;NA
"1337";"G1169";15.3713310621588;NA;NA;NA;NA;NA
"1338";"G1181";15.9463310621588;NA;NA;NA;NA;NA
"1339";"G1193";15.5213310621588;NA;NA;NA;NA;NA
"1340";"G1204";14.1713310621588;NA;NA;NA;NA;NA
"1341";"G1216";14.3713310621588;NA;NA;NA;NA;NA
"1342";"G1134";14.4713310621588;NA;NA;NA;NA;NA
"1343";"G1146";14.3463310621588;NA;NA;NA;NA;NA
"1344";"G1158";14.2213310621588;NA;NA;NA;NA;NA
"1345";"G1170";14.7713310621588;NA;NA;NA;NA;NA
"1346";"G1182";15.1963310621588;NA;NA;NA;NA;NA
"1347";"G1205";14.2463310621589;NA;NA;NA;NA;NA
"1348";"G1217";15.8713310621588;NA;NA;NA;NA;NA
"1349";"G1135";15.1963310621588;NA;NA;NA;NA;NA
"1350";"G1147";14.3213310621588;NA;NA;NA;NA;NA
"1351";"G1159";15.1963310621588;NA;NA;NA;NA;NA
"1352";"G1171";14.6963310621588;NA;NA;NA;NA;NA
"1353";"G1183";14.7213310621588;NA;NA;NA;NA;NA
"1354";"G1194";13.9463310621588;NA;NA;NA;NA;NA
"1355";"G1206";14.2963310621588;NA;NA;NA;NA;NA
"1356";"G1218";14.9463310621588;NA;NA;NA;NA;NA
"1357";"G1136";14.6213310621588;NA;NA;NA;NA;NA
"1358";"G1148";14.0463310621588;NA;NA;NA;NA;NA
"1359";"G1160";14.3463310621588;NA;NA;NA;NA;NA
"1360";"G1172";14.2963310621588;NA;NA;NA;NA;NA
"1361";"G1184";15.1963310621588;NA;NA;NA;NA;NA
"1362";"G1195";14.6213310621588;NA;NA;NA;NA;NA
"1363";"G1207";15.5463310621588;NA;NA;NA;NA;NA
"1364";"G1219";14.4713310621588;NA;NA;NA;NA;NA
"1365";"G1137";15.1963310621588;NA;NA;NA;NA;NA
"1366";"G1149";14.6963310621589;NA;NA;NA;NA;NA
"1367";"G1161";14.3463310621588;NA;NA;NA;NA;NA
"1368";"G1173";14.2463310621589;NA;NA;NA;NA;NA
"1369";"G1185";13.8713310621588;NA;NA;NA;NA;NA
"1370";"G1196";15.0463310621588;NA;NA;NA;NA;NA
"1371";"G1208";14.7713310621588;NA;NA;NA;NA;NA
"1372";"G1220";14.1963310621588;NA;NA;NA;NA;NA
"1373";"G1138";14.8463310621588;NA;NA;NA;NA;NA
"1374";"G1150";14.8963310621588;NA;NA;NA;NA;NA
"1375";"G1162";14.6963310621588;NA;NA;NA;NA;NA
"1376";"G1174";13.6463310621588;NA;NA;NA;NA;NA
"1377";"G1186";14.5963310621588;NA;NA;NA;NA;NA
"1378";"G1197";14.8963310621588;NA;NA;NA;NA;NA
"1379";"G1209";14.6713310621588;NA;NA;NA;NA;NA
"1380";"G1221";18.1463310621588;NA;NA;NA;NA;NA
"1381";"G1139";14.3213310621588;NA;NA;NA;NA;NA
"1382";"G1151";14.2213310621588;NA;NA;NA;NA;NA
"1383";"G1163";16.0713310621588;NA;NA;NA;NA;NA
"1384";"G1175";14.8213310621588;NA;NA;NA;NA;NA
"1385";"G1187";14.4463310621588;NA;NA;NA;NA;NA
"1386";"G1198";14.2963310621588;NA;NA;NA;NA;NA
"1387";"G1210";14.1463310621588;NA;NA;NA;NA;NA
"1388";"G1222";14.1713310621588;NA;NA;NA;NA;NA
"1389";"G1140";14.2463310621588;NA;NA;NA;NA;NA
"1390";"G1152";15.0963310621588;NA;NA;NA;NA;NA
"1391";"G1164";14.5713310621588;NA;NA;NA;NA;NA
"1392";"G1176";15.8213310621588;NA;NA;NA;NA;NA
"1393";"G1188";13.8963310621588;NA;NA;NA;NA;NA
"1394";"G1199";15.0713310621588;NA;NA;NA;NA;NA
"1395";"G1211";14.8713310621588;NA;NA;NA;NA;NA
"1396";"G1223";14.5213310621588;NA;NA;NA;NA;NA
"1397";"G1141";14.9963310621588;NA;NA;NA;NA;NA
"1398";"G1153";15.8213310621588;NA;NA;NA;NA;NA
"1399";"G1165";14.3463310621588;NA;NA;NA;NA;NA
"1400";"G1177";14.3713310621588;NA;NA;NA;NA;NA
"1401";"G1189";14.4463310621588;NA;NA;NA;NA;NA
"1402";"G1200";14.4713310621588;NA;NA;NA;NA;NA
"1403";"G1212";14.5463310621588;NA;NA;NA;NA;NA
"1404";"G1224";14.3963310621588;NA;NA;NA;NA;NA
"1405";"G1225";16.6963310621588;NA;NA;NA;NA;NA
"1406";"G1228";14.0463310621588;NA;NA;NA;NA;NA
"1407";"G1231";13.8463310621588;NA;NA;NA;NA;NA
"1408";"G1234";14.7713310621588;NA;NA;NA;NA;NA
"1409";"G1237";15.5963310621588;NA;NA;NA;NA;NA
"1410";"G1240";14.3713310621588;NA;NA;NA;NA;NA
"1411";"G1243";14.0713310621588;NA;NA;NA;NA;NA
"1412";"G1245";14.3213310621588;NA;NA;NA;NA;NA
"1413";"G1226";14.4463310621588;NA;NA;NA;NA;NA
"1414";"G1229";15.1963310621588;NA;NA;NA;NA;NA
"1415";"G1232";14.2213310621588;NA;NA;NA;NA;NA
"1416";"G1235";14.3963310621588;NA;NA;NA;NA;NA
"1417";"G1238";14.7713310621588;NA;NA;NA;NA;NA
"1418";"G1241";14.5463310621588;NA;NA;NA;NA;NA
"1419";"G1244";14.8713310621588;NA;NA;NA;NA;NA
"1420";"G1246";14.9463310621588;NA;NA;NA;NA;NA
"1421";"G1227";14.4213310621588;NA;NA;NA;NA;NA
"1422";"G1230";15.0463310621588;NA;NA;NA;NA;NA
"1423";"G1233";14.5963310621588;NA;NA;NA;NA;NA
"1424";"G1236";14.3713310621588;NA;NA;NA;NA;NA
"1425";"G1239";15.2713310621589;NA;NA;NA;NA;NA
"1426";"G1242";14.1463310621588;NA;NA;NA;NA;NA
"1427";"G72";14.0657802791187;66.1547;73.9080930232558;9.265;476.5;16.65
"1428";"G85";14.2352294960786;NA;NA;NA;NA;NA
"1429";"G57";14.3697053083915;NA;NA;NA;NA;NA
"1430";"G61";13.6463782693504;NA;NA;NA;NA;NA
"1431";"G64";14.1233013462735;NA;NA;NA;NA;NA
"1432";"G73";14.4040705770427;NA;NA;NA;NA;NA
"1433";"G65";14.1352294960786;66.8074;75.60875;9.25;334.5;19.3
"1434";"G79";15.5041733844943;69.4182;74.6144825581395;12.295;623.5;17.85
"1435";"G86";14.6713310621588;NA;NA;NA;NA;NA
"1436";"G87";14.3705207354694;NA;NA;NA;NA;NA
"1437";"G90";14.4127346252075;NA;NA;NA;NA;NA
"1438";"G92";14.3226960433715;NA;NA;NA;NA;NA
"1439";"G95";14.5370818725494;62.7386;76.3714141922496;NA;NA;18.7
"1440";"G88";14.9713310621588;NA;NA;NA;NA;NA
"1441";"G1";14.4713486365613;61.001;76.9405765168208;NA;NA;17.95
"1442";"G93";13.3639393644338;62.7386;77.3528127475832;NA;NA;18.4
"1443";"G96";12.8352130479268;NA;NA;NA;NA;NA
"1444";"G89";15.1882797130755;NA;NA;NA;NA;NA
"1445";"G91";14.5963310621588;NA;NA;NA;NA;NA
"1446";"G94";14.5213310621588;NA;NA;NA;NA;NA
"1447";"G97";14.4503041721457;67.13375;74.3741744186047;8.485;346;20.75
"1448";"G99";15.0463310621588;NA;NA;NA;NA;NA
"1449";"G101";14.3692642766499;NA;NA;NA;NA;NA
"1450";"G103";13.6117463236739;NA;NA;NA;NA;NA
"1451";"G100";14.1954925510657;NA;NA;NA;NA;NA
"1452";"G102";13.8222049294739;NA;NA;NA;NA;NA
"1453";"G104";14.1938232800384;NA;NA;NA;NA;NA
"1454";"G98";14.3370818725494;63.3178;77.5875347013653;NA;NA;17.1
